"Início dos relatórios","Encerramento dos relatórios","Nome do anúncio","Veiculação de anúncio",Início,"Data da última edição",Término,Resultados,"Indicador de resultados","Custo por resultados","Orçamento do conjunto de anúncios","Tipo de orçamento do conjunto de anúncios","Valor usado (BRL)",Impressões,Alcance,Frequência,"Cliques no link únicos","CTR (taxa de cliques no link)","CPC (custo por clique no link) (BRL)","CPM (custo por 1.000 impressões) (BRL)","Visualizações da página de destino"
2026-07-01,2026-07-21,"AD 02 - PG",not_delivering,2026-02-24,2026-02-24,Contínuo,2,actions:omni_landing_page_view,0.18,6,Diário,0.36,77,76,1.013158,2,2.597403,0.18,4.675325,2
2026-07-01,2026-07-21,"AD 02 - tracker",not_delivering,2026-04-20,2026-04-24,Contínuo,,,,"Usando orçamento da campanha",0,0,0,0,0,,,,0,
2026-07-01,2026-07-21,"AD 03 susuki scross",not_delivering,2026-04-20,2026-04-24,Contínuo,,,,"Usando orçamento da campanha",0,0,0,0,0,,,,0,
2026-07-01,2026-07-21,"Ad 01 Institucional Provenci",not_delivering,2025-05-05,2026-04-20,Contínuo,,,,"Usando orçamento da campanha",0,0,0,0,0,,,,0,
2026-07-01,2026-07-21,"Ad 04 - ranger",not_delivering,2025-05-05,2026-04-20,Contínuo,,,,"Usando orçamento da campanha",0,0,0,0,0,,,,0,
2026-07-01,2026-07-21,"Ad 01 Institucional Provenci — Cópia",not_delivering,2025-05-05,2026-04-20,Contínuo,,,,"Usando orçamento da campanha",0,0,0,0,0,,,,0,
2026-07-01,2026-07-21,"Ad 0 2 - Duster Leon",not_delivering,2025-05-05,2026-04-20,Contínuo,,,,"Usando orçamento da campanha",0,0,0,0,0,,,,0,
2026-07-01,2026-07-21,"Ad 0 3 Oroch Leon",not_delivering,2025-05-05,2026-04-23,Contínuo,,,,"Usando orçamento da campanha",0,0,0,0,0,,,,0,
2026-07-01,2026-07-21,"Institucional AD 01 video",not_delivering,2026-04-15,2026-04-24,Contínuo,,,,"Usando orçamento da campanha",0,0,0,0,0,,,,0,
2026-07-01,2026-07-21,"AD 01 - Institucional video",not_delivering,2026-04-22,2026-04-24,Contínuo,,,,"Usando orçamento da campanha",0,0,0,0,0,,,,0,
2026-07-01,2026-07-21,"Institucional video",not_delivering,2025-05-02,2026-04-24,Contínuo,,,,"Usando orçamento da campanha",0,0,0,0,0,,,,0,
2026-07-01,2026-07-21,"AD 01 Institucional - video",not_delivering,2026-01-21,2026-04-24,Contínuo,,,,"Usando orçamento da campanha",0,0,0,0,0,,,,0,
2026-07-01,2026-07-21,"AD 01 - Schafas Institucional video",not_delivering,2025-04-24,2026-04-24,Contínuo,,,,"Usando orçamento da campanha",0,0,0,0,0,,,,0,
2026-07-01,2026-07-21,"AD Institucional via mais video — Cópia",not_delivering,2025-06-06,2026-04-24,Contínuo,,,,"Usando orçamento da campanha",0,0,0,0,0,,,,0,
2026-07-01,2026-07-21,"Escolher o carro certo",inactive,2026-05-14,2026-06-16,Contínuo,,,,"Usando orçamento da campanha",0,0,0,0,0,,,,0,
2026-07-01,2026-07-21,"test drive Jair auto",inactive,2026-05-14,2026-06-16,Contínuo,,,,"Usando orçamento da campanha",0,0,0,0,0,,,,0,
2026-07-01,2026-07-21,"Escolher o carro certo",not_delivering,2026-05-14,2026-05-14,Contínuo,,,,"Usando orçamento da campanha",0,0,0,0,0,,,,0,
2026-07-01,2026-07-21,"Escolher o carro certo",not_delivering,2026-05-14,2026-05-14,Contínuo,,,,"Usando orçamento da campanha",0,0,0,0,0,,,,0,
2026-07-01,2026-07-21,"test drive Jair auto",inactive,2026-05-14,2026-06-16,Contínuo,,,,"Usando orçamento da campanha",0,0,0,0,0,,,,0,
2026-07-01,2026-07-21,"escolher carro",inactive,2026-05-12,2026-07-14,Contínuo,803,total_profile_visits,0.23305106,"Usando orçamento da campanha",0,187.14,15722,10937,1.437506,654,4.414197,0.269654,11.903066,61
2026-07-01,2026-07-21,"escolher carro",inactive,2026-05-14,2026-07-14,Contínuo,14,total_profile_visits,0.23928571,"Usando orçamento da campanha",0,3.35,260,248,1.048387,10,3.846154,0.335,12.884615,1
2026-07-01,2026-07-21,"Video institucional Tipave",not_delivering,2026-05-15,2026-05-20,Contínuo,,,,"Usando orçamento da campanha",0,0,0,0,0,,,,0,
2026-07-01,2026-07-21,"AD04 Ranger 2025",not_delivering,2026-05-15,2026-06-01,Contínuo,,,,"Usando orçamento da campanha",0,0,0,0,0,,,,0,
2026-07-01,2026-07-21,"AD 01 - institucional video toso",not_delivering,2026-04-24,2026-05-15,Contínuo,,,,"Usando orçamento da campanha",0,0,0,0,0,,,,0,
2026-07-01,2026-07-21,"AD01 Duster 2026",inactive,2026-04-24,2026-06-08,Contínuo,,,,"Usando orçamento da campanha",0,0,0,0,0,,,,0,
2026-07-01,2026-07-21,"AD01 Jeep 2024",not_delivering,2026-04-24,2026-06-01,Contínuo,,,,"Usando orçamento da campanha",0,0,0,0,0,,,,0,
2026-07-01,2026-07-21,"duelo de carros",inactive,2026-05-12,2026-06-16,Contínuo,,,,"Usando orçamento da campanha",0,0,0,0,0,,,,0,
2026-07-01,2026-07-21,"duelo de carros — Cópia",inactive,2026-05-14,2026-07-14,Contínuo,23,total_profile_visits,0.25608696,"Usando orçamento da campanha",0,5.89,531,480,1.10625,19,3.766478,0.2945,11.092279,
2026-07-01,2026-07-21,"AD01 Honda 2019",not_delivering,2026-05-29,2026-06-01,Contínuo,,,,"Usando orçamento da campanha",0,0,0,0,0,,,,0,
2026-07-01,2026-07-21,"AD03 maio",not_delivering,2026-02-10,2026-06-25,Contínuo,80,actions:omni_landing_page_view,0.44425,6,Diário,35.54,11788,8398,1.403668,128,1.153716,0.261324,3.01493,80
2026-07-01,2026-07-21,"VAD01 maio",not_delivering,2026-02-24,2026-05-29,Contínuo,29,actions:omni_landing_page_view,0.39137931,6,Diário,11.35,2976,2701,1.101814,39,1.377688,0.276829,3.813844,29
2026-07-01,2026-07-21,"VAD01 maio",not_delivering,2026-02-24,2026-05-29,Contínuo,19,actions:omni_landing_page_view,0.51052632,6,Diário,9.7,2162,1949,1.109287,31,1.757632,0.255263,4.486586,19
2026-07-01,2026-07-21,"VAD01 maio",not_delivering,2026-02-24,2026-05-29,Contínuo,54,actions:omni_landing_page_view,0.54296296,6,Diário,29.32,7866,5586,1.408163,78,1.055174,0.353253,3.727435,54
2026-07-01,2026-07-21,"AD03 maio",inactive,2026-04-10,2026-06-16,Contínuo,,,,"Usando orçamento da campanha",0,0,0,0,0,,,,0,
2026-07-01,2026-07-21,"VAD04 maio",inactive,2026-04-10,2026-06-16,Contínuo,,,,"Usando orçamento da campanha",0,0,0,0,0,,,,0,
2026-07-01,2026-07-21,"AD03 maio",not_delivering,2026-05-14,2026-06-02,Contínuo,184,actions:omni_landing_page_view,0.29826087,"Usando orçamento da campanha",0,54.88,17053,11525,1.479653,279,1.659532,0.193922,3.218202,184
2026-07-01,2026-07-21,"VAD04 maio",inactive,2026-05-14,2026-06-16,Contínuo,,,,"Usando orçamento da campanha",0,0,0,0,0,,,,0,
2026-07-01,2026-07-21,"VAD04 maio",inactive,2026-05-14,2026-06-16,Contínuo,,,,"Usando orçamento da campanha",0,0,0,0,0,,,,0,
2026-07-01,2026-07-21,"AD03 maio",inactive,2026-05-14,2026-06-16,Contínuo,,,,"Usando orçamento da campanha",0,0,0,0,0,,,,0,
2026-07-01,2026-07-21,"AD03 Tiggo 2025",not_delivering,2026-05-29,2026-06-01,Contínuo,,,,"Usando orçamento da campanha",0,0,0,0,0,,,,0,
2026-07-01,2026-07-21,"AD01 Cruze 2023",inactive,2026-04-22,2026-06-08,Contínuo,,,,"Usando orçamento da campanha",0,0,0,0,0,,,,0,
2026-07-01,2026-07-21,"AD01 Tracker 2015",not_delivering,2026-04-22,2026-06-01,Contínuo,,,,"Usando orçamento da campanha",0,0,0,0,0,,,,0,
2026-07-01,2026-07-21,"AD02 Audi 2021",inactive,2026-04-22,2026-06-08,Contínuo,,,,"Usando orçamento da campanha",0,0,0,0,0,,,,0,
2026-07-01,2026-07-21,"AD03 Virtus 2018",not_delivering,2026-04-22,2026-06-01,Contínuo,,,,"Usando orçamento da campanha",0,0,0,0,0,,,,0,
2026-07-01,2026-07-21,"VAD01 Seleção ALV Autopower",not_delivering,2025-05-05,2026-06-03,Contínuo,,,,"Usando orçamento da campanha",0,0,0,0,0,,,,0,
2026-07-01,2026-07-21,"AD01 Versa 2017",not_delivering,2025-05-05,2026-06-01,Contínuo,,,,"Usando orçamento da campanha",0,0,0,0,0,,,,0,
2026-07-01,2026-07-21,"AD01 Hilux 2024",not_delivering,2025-04-24,2026-06-01,Contínuo,,,,"Usando orçamento da campanha",0,0,0,0,0,,,,0,
2026-07-01,2026-07-21,"AD02 Tiggo 5X 2021",not_delivering,2025-04-24,2026-06-01,Contínuo,,,,"Usando orçamento da campanha",0,0,0,0,0,,,,0,
2026-07-01,2026-07-21,"AD02 Kicks 2024",inactive,2026-01-28,2026-06-08,Contínuo,,,,"Usando orçamento da campanha",0,0,0,0,0,,,,0,
2026-07-01,2026-07-21,"AD01 Civic 2018",inactive,2026-01-28,2026-06-08,Contínuo,,,,"Usando orçamento da campanha",0,0,0,0,0,,,,0,
2026-07-01,2026-07-21,"VAD02 Hb20 2025",inactive,2025-06-05,2026-06-08,Contínuo,,,,"Usando orçamento da campanha",0,0,0,0,0,,,,0,
2026-07-01,2026-07-21,"AD07 BYD Song Pro 2025",inactive,2025-06-05,2026-06-08,Contínuo,,,,"Usando orçamento da campanha",0,0,0,0,0,,,,0,
2026-07-01,2026-07-21,"AD03 Voyage 2023",not_delivering,2025-05-05,2026-06-01,Contínuo,,,,"Usando orçamento da campanha",0,0,0,0,0,,,,0,
2026-07-01,2026-07-21,"AD06 Tcross 2026",not_delivering,2025-05-05,2026-06-01,Contínuo,,,,"Usando orçamento da campanha",0,0,0,0,0,,,,0,
2026-07-01,2026-07-21,"AD02 Nivus 2026",not_delivering,2025-05-05,2026-06-01,Contínuo,,,,"Usando orçamento da campanha",0,0,0,0,0,,,,0,
2026-07-01,2026-07-21,"AD03 Boreal 2026",not_delivering,2025-05-05,2026-06-01,Contínuo,,,,"Usando orçamento da campanha",0,0,0,0,0,,,,0,
2026-07-01,2026-07-21,"AD04 Onix Plus 2025",not_delivering,2026-04-20,2026-06-01,Contínuo,,,,"Usando orçamento da campanha",0,0,0,0,0,,,,0,
2026-07-01,2026-07-21,"AD03 Titano 2025",not_delivering,2026-04-20,2026-06-01,Contínuo,,,,"Usando orçamento da campanha",0,0,0,0,0,,,,0,
2026-07-01,2026-07-21,"AD02 208 2026",not_delivering,2026-04-15,2026-06-01,Contínuo,,,,"Usando orçamento da campanha",0,0,0,0,0,,,,0,
2026-07-01,2026-07-21,"AD02 Kardian 2025",inactive,2026-01-22,2026-06-08,Contínuo,,,,"Usando orçamento da campanha",0,0,0,0,0,,,,0,
2026-07-01,2026-07-21,"AD04 ASX 2011",not_delivering,2026-01-22,2026-06-01,Contínuo,,,,"Usando orçamento da campanha",0,0,0,0,0,,,,0,
2026-07-01,2026-07-21,"AD03 208 2017",not_delivering,2026-01-22,2026-06-01,Contínuo,,,,"Usando orçamento da campanha",0,0,0,0,0,,,,0,
2026-07-01,2026-07-21,"AD01 Hb20 2025",inactive,2026-01-21,2026-06-08,Contínuo,,,,"Usando orçamento da campanha",0,0,0,0,0,,,,0,
2026-07-01,2026-07-21,"AD04 Hilux 2020",not_delivering,2026-01-21,2026-06-01,Contínuo,,,,"Usando orçamento da campanha",0,0,0,0,0,,,,0,
2026-07-01,2026-07-21,"AD03 Golf 2018",inactive,2026-01-21,2026-06-08,Contínuo,,,,"Usando orçamento da campanha",0,0,0,0,0,,,,0,
2026-07-01,2026-07-21,"AD01 Hb20 2021",not_delivering,2025-04-23,2026-06-01,Contínuo,,,,"Usando orçamento da campanha",0,0,0,0,0,,,,0,
2026-07-01,2026-07-21,"AD04 2008 2017",inactive,2026-03-24,2026-06-08,Contínuo,,,,"Usando orçamento da campanha",0,0,0,0,0,,,,0,
2026-07-01,2026-07-21,"AD02 Virtus 2025",inactive,2026-03-24,2026-06-08,Contínuo,,,,"Usando orçamento da campanha",0,0,0,0,0,,,,0,
2026-07-01,2026-07-21,"AD01 XC60 2013",not_delivering,2025-05-02,2026-06-01,Contínuo,,,,"Usando orçamento da campanha",0,0,0,0,0,,,,0,
2026-07-01,2026-07-21,"VAD01 Seleção ALV",inactive,2026-06-02,2026-06-05,Contínuo,,,,"Usando orçamento da campanha",0,0,0,0,0,,,,0,
2026-07-01,2026-07-21,"VAD02 Seleção ALV",inactive,2026-06-02,2026-06-05,Contínuo,,,,"Usando orçamento da campanha",0,0,0,0,0,,,,0,
2026-07-01,2026-07-21,"AD01 Seleção ALV",inactive,2026-06-02,2026-06-05,Contínuo,,,,"Usando orçamento da campanha",0,0,0,0,0,,,,0,
2026-07-01,2026-07-21,"AD03 Seleção ALV",inactive,2026-06-02,2026-06-05,Contínuo,,,,"Usando orçamento da campanha",0,0,0,0,0,,,,0,
2026-07-01,2026-07-21,"AD02 Seleção ALV",inactive,2026-06-02,2026-06-05,Contínuo,,,,"Usando orçamento da campanha",0,0,0,0,0,,,,0,
2026-07-01,2026-07-21,"VAD03 Seleção ALV",inactive,2026-06-02,2026-06-05,Contínuo,,,,"Usando orçamento da campanha",0,0,0,0,0,,,,0,
2026-07-01,2026-07-21,"VAD03 Seleção ALV",inactive,2026-06-02,2026-06-05,Contínuo,,,,"Usando orçamento da campanha",0,0,0,0,0,,,,0,
2026-07-01,2026-07-21,"VAD02 Seleção ALV",inactive,2026-06-02,2026-06-05,Contínuo,,,,"Usando orçamento da campanha",0,0,0,0,0,,,,0,
2026-07-01,2026-07-21,"VAD01 Seleção ALV",inactive,2026-06-02,2026-06-05,Contínuo,,,,"Usando orçamento da campanha",0,0,0,0,0,,,,0,
2026-07-01,2026-07-21,"AD02 Seleção ALV",inactive,2026-06-02,2026-06-05,Contínuo,,,,"Usando orçamento da campanha",0,0,0,0,0,,,,0,
2026-07-01,2026-07-21,"AD03 Seleção ALV",inactive,2026-06-02,2026-06-05,Contínuo,,,,"Usando orçamento da campanha",0,0,0,0,0,,,,0,
2026-07-01,2026-07-21,"AD01 Seleção ALV",inactive,2026-06-02,2026-06-05,Contínuo,,,,"Usando orçamento da campanha",0,0,0,0,0,,,,0,
2026-07-01,2026-07-21,"AD01 Seleção ALV",inactive,2026-06-02,2026-06-03,Contínuo,,,,"Usando orçamento da campanha",0,0,0,0,0,,,,0,
2026-07-01,2026-07-21,"AD03 Seleção ALV",archived,2026-06-02,2026-06-05,Contínuo,,,,"Usando orçamento da campanha",0,0,0,0,0,,,,0,
2026-07-01,2026-07-21,"AD02 Seleção ALV",inactive,2026-06-02,2026-06-03,Contínuo,,,,"Usando orçamento da campanha",0,0,0,0,0,,,,0,
2026-07-01,2026-07-21,"VAD01 Seleção ALV",inactive,2026-06-02,2026-06-03,Contínuo,,,,"Usando orçamento da campanha",0,0,0,0,0,,,,0,
2026-07-01,2026-07-21,"VAD02 Seleção ALV",inactive,2026-06-02,2026-06-03,Contínuo,,,,"Usando orçamento da campanha",0,0,0,0,0,,,,0,
2026-07-01,2026-07-21,"VAD03 Seleção ALV",inactive,2026-06-02,2026-06-03,Contínuo,,,,"Usando orçamento da campanha",0,0,0,0,0,,,,0,
2026-07-01,2026-07-21,"AD03 Seleção ALV",inactive,2026-06-02,2026-06-05,Contínuo,,,,"Usando orçamento da campanha",0,0,0,0,0,,,,0,
2026-07-01,2026-07-21,"AD02 Seleção ALV",inactive,2026-06-02,2026-06-05,Contínuo,,,,"Usando orçamento da campanha",0,0,0,0,0,,,,0,
2026-07-01,2026-07-21,"AD01 Seleção ALV",inactive,2026-06-02,2026-06-05,Contínuo,,,,"Usando orçamento da campanha",0,0,0,0,0,,,,0,
2026-07-01,2026-07-21,"VAD02 Seleção ALV",inactive,2026-06-02,2026-06-05,Contínuo,,,,"Usando orçamento da campanha",0,0,0,0,0,,,,0,
2026-07-01,2026-07-21,"VAD01 Seleção ALV",inactive,2026-06-02,2026-06-05,Contínuo,,,,"Usando orçamento da campanha",0,0,0,0,0,,,,0,
2026-07-01,2026-07-21,"Dgongora Seleção Linha Verde",not_delivering,2026-04-22,2026-06-02,Contínuo,,,,"Usando orçamento da campanha",0,0,0,0,0,,,,0,
2026-07-01,2026-07-21,"City Motors Seleção ALV",not_delivering,2026-04-22,2026-06-02,Contínuo,,,,"Usando orçamento da campanha",0,0,0,0,0,,,,0,
2026-07-01,2026-07-21,"CRSL01 Seleção ALV",inactive,2026-05-14,2026-06-12,Contínuo,,,,"Usando orçamento da campanha",0,0,0,0,0,,,,0,
2026-07-01,2026-07-21,"CRSL02 Seleção ALV",inactive,2026-05-14,2026-06-23,Contínuo,,,,"Usando orçamento da campanha",0,0,0,0,0,,,,0,
2026-07-01,2026-07-21,"CRSL04 Seleção ALV",inactive,2026-05-14,2026-06-16,Contínuo,,,,"Usando orçamento da campanha",0,0,0,0,0,,,,0,
2026-07-01,2026-07-21,"CRSL02 Seleção ALV",inactive,2026-05-14,2026-07-03,Contínuo,,,,"Usando orçamento da campanha",0,0,0,0,0,,,,0,
2026-07-01,2026-07-21,"CRSL04 Seleção ALV",inactive,2026-05-14,2026-07-03,Contínuo,,,,"Usando orçamento da campanha",0,0,0,0,0,,,,0,
2026-07-01,2026-07-21,"CRSL01 Seleção ALV",inactive,2026-05-14,2026-07-03,Contínuo,,,,"Usando orçamento da campanha",0,0,0,0,0,,,,0,
2026-07-01,2026-07-21,"AD 01 -PG",not_delivering,2026-02-24,2026-02-24,Contínuo,1,actions:omni_landing_page_view,0.63,6,Diário,0.63,153,150,1.02,2,1.30719,0.315,4.117647,1
2026-07-01,2026-07-21,"AD 01 - institucional",not_delivering,2026-04-20,2026-06-09,Contínuo,,,,"Usando orçamento da campanha",0,0,0,0,0,,,,0,
2026-07-01,2026-07-21,"Ad 02 - Tiggo 7",inactive,2025-05-05,2026-06-08,Contínuo,,,,"Usando orçamento da campanha",0,0,0,0,0,,,,0,
2026-07-01,2026-07-21,"Ad 02 - Tiggo 7 — Cópia",inactive,2025-05-05,2026-06-08,Contínuo,,,,"Usando orçamento da campanha",0,0,0,0,0,,,,0,
2026-07-01,2026-07-21,"AD01 Duster 2019",not_delivering,2025-05-05,2026-06-01,Contínuo,,,,"Usando orçamento da campanha",0,0,0,0,0,,,,0,
2026-07-01,2026-07-21,"Ad 01 Institucional Leon — Cópia",not_delivering,2025-05-05,2026-04-20,Contínuo,,,,"Usando orçamento da campanha",0,0,0,0,0,,,,0,
2026-07-01,2026-07-21,"AD 01 - Schafas Institucional",not_delivering,2025-04-24,2026-04-20,Contínuo,,,,"Usando orçamento da campanha",0,0,0,0,0,,,,0,
2026-07-01,2026-07-21,"Ad 01 -Institucional video",not_delivering,2025-05-05,2026-04-24,Contínuo,,,,"Usando orçamento da campanha",0,0,0,0,0,,,,0,
2026-07-01,2026-07-21,"AD 01 - institucional video",inactive,2026-04-20,2026-06-09,Contínuo,,,,"Usando orçamento da campanha",0,0,0,0,0,,,,0,
2026-07-01,2026-07-21,"Institucional - Carros Premium video",not_delivering,2025-05-27,2026-04-24,Contínuo,,,,"Usando orçamento da campanha",0,0,0,0,0,,,,0,
2026-07-01,2026-07-21,"Ad 1 - Institucional video",not_delivering,2025-04-23,2026-04-24,Contínuo,,,,"Usando orçamento da campanha",0,0,0,0,0,,,,0,
2026-07-01,2026-07-21,"AD 01 - institucional 2 video",not_delivering,2026-03-24,2026-04-24,Contínuo,,,,"Usando orçamento da campanha",0,0,0,0,0,,,,0,
2026-07-01,2026-07-21,"AD Institucional via mais video",not_delivering,2025-06-05,2026-04-24,Contínuo,,,,"Usando orçamento da campanha",0,0,0,0,0,,,,0,
2026-07-01,2026-07-21,"test drive Jair auto",inactive,2026-04-10,2026-06-16,Contínuo,,,,"Usando orçamento da campanha",0,0,0,0,0,,,,0,
2026-07-01,2026-07-21,"Escolher o carro certo",inactive,2026-04-10,2026-06-16,Contínuo,,,,"Usando orçamento da campanha",0,0,0,0,0,,,,0,
2026-07-01,2026-07-21,"test drive Jair auto",inactive,2026-05-14,2026-06-16,Contínuo,,,,"Usando orçamento da campanha",0,0,0,0,0,,,,0,
2026-07-01,2026-07-21,"CRSL01 Seleção ALV",inactive,2026-05-14,2026-06-16,Contínuo,,,,"Usando orçamento da campanha",0,0,0,0,0,,,,0,
2026-07-01,2026-07-21,"CRSL04 Seleção ALV",inactive,2026-05-14,2026-06-16,Contínuo,,,,"Usando orçamento da campanha",0,0,0,0,0,,,,0,
2026-07-01,2026-07-21,"CRSL01 Seleção ALV",inactive,2026-05-14,2026-06-25,Contínuo,,,,"Usando orçamento da campanha",0,0,0,0,0,,,,0,
2026-07-01,2026-07-21,"CRSL03 Seleção ALV",inactive,2026-05-14,2026-06-25,Contínuo,,,,"Usando orçamento da campanha",0,0,0,0,0,,,,0,
2026-07-01,2026-07-21,"CRSL02 Seleção ALV",inactive,2026-05-12,2026-06-25,Contínuo,,,,"Usando orçamento da campanha",0,0,0,0,0,,,,0,
2026-07-01,2026-07-21,"CRSL01 Seleção ALV",inactive,2026-05-12,2026-06-25,Contínuo,,,,"Usando orçamento da campanha",0,0,0,0,0,,,,0,
2026-07-01,2026-07-21,"CRSL04 Seleção ALV",inactive,2026-05-12,2026-06-25,Contínuo,,,,"Usando orçamento da campanha",0,0,0,0,0,,,,0,
2026-07-01,2026-07-21,"CRSL03 Seleção ALV",inactive,2026-05-12,2026-06-25,Contínuo,,,,"Usando orçamento da campanha",0,0,0,0,0,,,,0,
2026-07-01,2026-07-21,"VAD01 Seleção ALV Toso",not_delivering,2026-04-24,2026-06-03,Contínuo,,,,"Usando orçamento da campanha",0,0,0,0,0,,,,0,
2026-07-01,2026-07-21,"AD 01 - Geral video",not_delivering,2026-02-24,2026-02-24,Contínuo,,,,6,Diário,0.27,66,63,1.047619,,,,4.090909,
2026-07-01,2026-07-21,"AD 01 - Geral video — Cópia",not_delivering,2026-02-24,2026-02-24,Contínuo,,,,6,Diário,0,0,0,0,,,,0,
2026-07-01,2026-07-21,"AD 01 - Geral video — Cópia",not_delivering,2026-02-24,2026-02-24,Contínuo,,,,6,Diário,0.48,102,100,1.02,,,,4.705882,
2026-07-01,2026-07-21,"AD 01 - video institucional",not_delivering,2026-01-21,2026-04-24,Contínuo,,,,"Usando orçamento da campanha",0,0,0,0,0,,,,0,
2026-07-01,2026-07-21,"AD03 Hb20 2022",not_delivering,2025-04-24,2026-06-01,Contínuo,,,,"Usando orçamento da campanha",0,0,0,0,0,,,,0,
2026-07-01,2026-07-21,"AD 01 - Institucional Auto Power - video",not_delivering,2025-05-05,2026-04-24,Contínuo,,,,"Usando orçamento da campanha",0,0,0,0,0,,,,0,
2026-07-01,2026-07-21,"AD 01 - institucional video",not_delivering,2026-03-24,2026-04-24,Contínuo,,,,"Usando orçamento da campanha",0,0,0,0,0,,,,0,
2026-07-01,2026-07-21,"Nissan sentra - jairauto",inactive,2026-05-12,2026-06-16,Contínuo,,,,"Usando orçamento da campanha",0,0,0,0,0,,,,0,
2026-07-01,2026-07-21,"Nissan sentra - jairauto",inactive,2026-05-14,2026-06-16,Contínuo,,,,"Usando orçamento da campanha",0,0,0,0,0,,,,0,
2026-07-01,2026-07-21,"AD03 Kardian 2025",not_delivering,2026-05-15,2026-06-01,Contínuo,,,,"Usando orçamento da campanha",0,0,0,0,0,,,,0,
2026-07-01,2026-07-21,"AD02 Virtus 2026",not_delivering,2026-04-24,2026-06-01,Contínuo,,,,"Usando orçamento da campanha",0,0,0,0,0,,,,0,
2026-07-01,2026-07-21,"AD 01 - institucional video luvile",not_delivering,2026-04-24,2026-06-01,Contínuo,,,,"Usando orçamento da campanha",0,0,0,0,0,,,,0,
2026-07-01,2026-07-21,"AD02 Jaguar 2020",not_delivering,2026-04-24,2026-06-01,Contínuo,,,,"Usando orçamento da campanha",0,0,0,0,0,,,,0,
2026-07-01,2026-07-21,"VAD04 maio",not_delivering,2026-02-10,2026-06-25,Contínuo,1,actions:omni_landing_page_view,0.36,6,Diário,0.36,141,135,1.044444,2,1.41844,0.18,2.553191,1
2026-07-01,2026-07-21,"VAD04 maio",inactive,2026-05-14,2026-06-16,Contínuo,,,,"Usando orçamento da campanha",0,0,0,0,0,,,,0,
2026-07-01,2026-07-21,"AD04 Kicks 2023",not_delivering,2025-05-05,2026-06-01,Contínuo,,,,"Usando orçamento da campanha",0,0,0,0,0,,,,0,
2026-07-01,2026-07-21,"AD02 Sportage 2024",not_delivering,2025-05-05,2026-06-01,Contínuo,,,,"Usando orçamento da campanha",0,0,0,0,0,,,,0,
2026-07-01,2026-07-21,"VAD01 Mobi 2025",not_delivering,2025-06-05,2026-06-01,Contínuo,,,,"Usando orçamento da campanha",0,0,0,0,0,,,,0,
2026-07-01,2026-07-21,"AD08 Nivus 2025",not_delivering,2025-06-05,2026-06-01,Contínuo,,,,"Usando orçamento da campanha",0,0,0,0,0,,,,0,
2026-07-01,2026-07-21,"CRSL03 Seleção ALV",inactive,2026-05-14,2026-06-16,Contínuo,,,,"Usando orçamento da campanha",0,0,0,0,0,,,,0,
2026-07-01,2026-07-21,"CRSL02 Seleção ALV",inactive,2026-05-14,2026-06-16,Contínuo,,,,"Usando orçamento da campanha",0,0,0,0,0,,,,0,
2026-07-01,2026-07-21,"CRSL03 Seleção ALV",inactive,2026-05-14,2026-07-03,Contínuo,,,,"Usando orçamento da campanha",0,0,0,0,0,,,,0,
2026-07-01,2026-07-21,"CRSL03 Seleção ALV",inactive,2026-05-14,2026-06-23,Contínuo,,,,"Usando orçamento da campanha",0,0,0,0,0,,,,0,
2026-07-01,2026-07-21,"CRSL04 Seleção ALV",inactive,2026-05-14,2026-06-25,Contínuo,,,,"Usando orçamento da campanha",0,0,0,0,0,,,,0,
2026-07-01,2026-07-21,"CRSL02 Seleção ALV",inactive,2026-05-14,2026-06-25,Contínuo,,,,"Usando orçamento da campanha",0,0,0,0,0,,,,0,
2026-07-01,2026-07-21,"AD03 maio",inactive,2026-05-14,2026-06-16,Contínuo,,,,"Usando orçamento da campanha",0,0,0,0,0,,,,0,
2026-07-01,2026-07-21,"AD02 Mercedes 2014",not_delivering,2026-05-29,2026-06-01,Contínuo,,,,"Usando orçamento da campanha",0,0,0,0,0,,,,0,
2026-07-01,2026-07-21,"AD03 Tiguan 2019",not_delivering,2026-01-28,2026-06-01,Contínuo,,,,"Usando orçamento da campanha",0,0,0,0,0,,,,0,
2026-07-01,2026-07-21,"AD03 Onix 2025",not_delivering,2025-06-05,2026-06-01,Contínuo,,,,"Usando orçamento da campanha",0,0,0,0,0,,,,0,
2026-07-01,2026-07-21,"AD04 Tcross 2025",not_delivering,2025-06-05,2026-06-01,Contínuo,,,,"Usando orçamento da campanha",0,0,0,0,0,,,,0,
2026-07-01,2026-07-21,"AD06 BYD Song Plus 2025",inactive,2025-06-05,2026-06-08,Contínuo,,,,"Usando orçamento da campanha",0,0,0,0,0,,,,0,
2026-07-01,2026-07-21,"AD02 Sportage 2019",inactive,2026-01-21,2026-06-08,Contínuo,,,,"Usando orçamento da campanha",0,0,0,0,0,,,,0,
2026-07-01,2026-07-21,"AD01 Hb20 2014",not_delivering,2025-04-23,2026-06-01,Contínuo,,,,"Usando orçamento da campanha",0,0,0,0,0,,,,0,
2026-07-01,2026-07-21,"TESTE METAADS",archived,2026-06-02,2026-06-05,Contínuo,,,,"Usando orçamento da campanha",0,0,0,0,0,,,,0,
2026-07-01,2026-07-21,"Post do Instagram: 🔥 Fim de semana com ofertas!...",not_delivering,2026-06-05,2026-06-05,2026-06-08,,,,"Usando orçamento da campanha",0,0,0,0,0,,,,0,
2026-07-01,2026-07-21,"AD03 Seleção ALV Jair Auto",not_delivering,2025-04-23,2026-06-05,Contínuo,,,,"Usando orçamento da campanha",0,0,0,0,0,,,,0,
2026-07-01,2026-07-21,"NOVO AD02 Seleção ALV",not_delivering,2026-06-02,2026-06-05,Contínuo,,,,"Usando orçamento da campanha",0,0,0,0,0,,,,0,
2026-07-01,2026-07-21,"NOVO AD03 Seleção ALV",not_delivering,2026-06-02,2026-06-05,Contínuo,,,,"Usando orçamento da campanha",0,0,0,0,0,,,,0,
2026-07-01,2026-07-21,"NOVO AD03 Seleção ALV — Cópia",not_delivering,2026-06-02,2026-06-05,Contínuo,,,,"Usando orçamento da campanha",0,0,0,0,0,,,,0,
2026-07-01,2026-07-21,"NOVO AD01",not_delivering,2026-06-02,2026-06-05,Contínuo,,,,"Usando orçamento da campanha",0,0,0,0,0,,,,0,
2026-07-01,2026-07-21,"NOVO AD02",not_delivering,2026-06-02,2026-06-05,Contínuo,,,,"Usando orçamento da campanha",0,0,0,0,0,,,,0,
2026-07-01,2026-07-21,"NOVO AD03",not_delivering,2026-06-02,2026-06-05,Contínuo,,,,"Usando orçamento da campanha",0,0,0,0,0,,,,0,
2026-07-01,2026-07-21,"NOVO VAD01",not_delivering,2026-06-02,2026-06-05,Contínuo,,,,"Usando orçamento da campanha",0,0,0,0,0,,,,0,
2026-07-01,2026-07-21,"NOVO VAD02",not_delivering,2026-06-02,2026-06-05,Contínuo,,,,"Usando orçamento da campanha",0,0,0,0,0,,,,0,
2026-07-01,2026-07-21,"NOVO VAD03",not_delivering,2026-06-02,2026-06-05,Contínuo,,,,"Usando orçamento da campanha",0,0,0,0,0,,,,0,
2026-07-01,2026-07-21,"NOVO VAD03",not_delivering,2026-06-02,2026-06-05,Contínuo,,,,"Usando orçamento da campanha",0,0,0,0,0,,,,0,
2026-07-01,2026-07-21,"NOVO VAD01 — Cópia",not_delivering,2026-06-02,2026-06-05,Contínuo,,,,"Usando orçamento da campanha",0,0,0,0,0,,,,0,
2026-07-01,2026-07-21,"NOVO AD02 — Cópia",not_delivering,2026-06-02,2026-06-05,Contínuo,,,,"Usando orçamento da campanha",0,0,0,0,0,,,,0,
2026-07-01,2026-07-21,"NOVO AD03 — Cópia",not_delivering,2026-06-02,2026-06-05,Contínuo,,,,"Usando orçamento da campanha",0,0,0,0,0,,,,0,
2026-07-01,2026-07-21,"NOVO VAD02 — Cópia",not_delivering,2026-06-02,2026-06-05,Contínuo,,,,"Usando orçamento da campanha",0,0,0,0,0,,,,0,
2026-07-01,2026-07-21,"Escolher o carro certo",inactive,2026-05-14,2026-06-12,Contínuo,,,,"Usando orçamento da campanha",0,0,0,0,0,,,,0,
2026-07-01,2026-07-21,"test drive Jair auto",inactive,2026-05-14,2026-06-12,Contínuo,,,,"Usando orçamento da campanha",0,0,0,0,0,,,,0,
2026-07-01,2026-07-21,"Tem movimentação diferente",inactive,2026-05-14,2026-06-12,Contínuo,,,,"Usando orçamento da campanha",0,0,0,0,0,,,,0,
2026-07-01,2026-07-21,"AD 02",inactive,2026-05-14,2026-06-12,Contínuo,,,,"Usando orçamento da campanha",0,0,0,0,0,,,,0,
2026-07-01,2026-07-21,"AD 01 -",inactive,2026-05-14,2026-06-12,Contínuo,,,,"Usando orçamento da campanha",0,0,0,0,0,,,,0,
2026-07-01,2026-07-21,"AD 02",inactive,2026-05-14,2026-06-12,Contínuo,,,,"Usando orçamento da campanha",0,0,0,0,0,,,,0,
2026-07-01,2026-07-21,"Escolher o carro certo",inactive,2026-05-14,2026-06-12,Contínuo,,,,"Usando orçamento da campanha",0,0,0,0,0,,,,0,
2026-07-01,2026-07-21,"AD 01 -",inactive,2026-05-14,2026-06-12,Contínuo,,,,"Usando orçamento da campanha",0,0,0,0,0,,,,0,
2026-07-01,2026-07-21,"AD02 Stepway 2022",not_delivering,2026-04-22,2026-06-01,Contínuo,,,,"Usando orçamento da campanha",0,0,0,0,0,,,,0,
2026-07-01,2026-07-21,"AD02 Hb20 2026",not_delivering,2025-05-05,2026-06-01,Contínuo,,,,"Usando orçamento da campanha",0,0,0,0,0,,,,0,
2026-07-01,2026-07-21,"AD04 Cayenne 2024",not_delivering,2025-05-05,2026-06-01,Contínuo,,,,"Usando orçamento da campanha",0,0,0,0,0,,,,0,
2026-07-01,2026-07-21,"AD03 2008 2026",not_delivering,2026-04-15,2026-06-01,Contínuo,,,,"Usando orçamento da campanha",0,0,0,0,0,,,,0,
2026-07-01,2026-07-21,"AD03 Onix 2019",not_delivering,2026-03-24,2026-06-01,Contínuo,,,,"Usando orçamento da campanha",0,0,0,0,0,,,,0,
2026-07-01,2026-07-21,"NOVO AD01 Seleção ALV",not_delivering,2026-06-02,2026-06-05,Contínuo,,,,"Usando orçamento da campanha",0,0,0,0,0,,,,0,
2026-07-01,2026-07-21,"NOVO VAD03 Seleção ALV — Cópia",not_delivering,2026-06-02,2026-06-05,Contínuo,,,,"Usando orçamento da campanha",0,0,0,0,0,,,,0,
2026-07-01,2026-07-21,"NOVO AD01 — Cópia",not_delivering,2026-06-02,2026-06-05,Contínuo,,,,"Usando orçamento da campanha",0,0,0,0,0,,,,0,
2026-07-01,2026-07-21,"NOVO VAD03 — Cópia",not_delivering,2026-06-02,2026-06-05,Contínuo,,,,"Usando orçamento da campanha",0,0,0,0,0,,,,0,
2026-07-01,2026-07-21,"VAD02 Seleção ALV Gran Torino",not_delivering,2026-05-29,2026-06-08,Contínuo,,,,"Usando orçamento da campanha",0,0,0,0,0,,,,0,
2026-07-01,2026-07-21,"VAD03 Hibridos",inactive,2026-05-12,2026-07-14,Contínuo,127,total_profile_visits,0.15464567,"Usando orçamento da campanha",0,19.64,1901,1718,1.106519,106,5.786428,0.178545,10.331405,2
2026-07-01,2026-07-21,"VAD03 Hibridos — Cópia",inactive,2026-05-14,2026-07-14,Contínuo,18,total_profile_visits,0.17666667,"Usando orçamento da campanha",0,3.18,262,255,1.027451,15,6.10687,0.19875,12.137405,
2026-07-01,2026-07-21,"VAD03 Hibridos — Cópia — Cópia",not_delivering,2026-06-02,2026-06-09,Contínuo,,,,"Usando orçamento da campanha",0,0,0,0,0,,,,0,
2026-07-01,2026-07-21,"VAD03 Hibridos — Cópia — Cópia",not_delivering,2026-06-02,2026-06-09,Contínuo,,,,"Usando orçamento da campanha",0,0,0,0,0,,,,0,
2026-07-01,2026-07-21,"VAD03 Hibridos — Cópia — Cópia",not_delivering,2026-06-02,2026-06-09,Contínuo,,,,"Usando orçamento da campanha",0,0,0,0,0,,,,0,
2026-07-01,2026-07-21,"VAD03 Hibridos — Cópia — Cópia",not_delivering,2026-06-02,2026-06-09,Contínuo,,,,"Usando orçamento da campanha",0,0,0,0,0,,,,0,
2026-07-01,2026-07-21,"VAD01 Seleção ALV Autojans",not_delivering,2026-04-20,2026-06-09,Contínuo,,,,"Usando orçamento da campanha",0,0,0,0,0,,,,0,
2026-07-01,2026-07-21,"test drive Jair auto",inactive,2026-05-14,2026-06-12,Contínuo,,,,"Usando orçamento da campanha",0,0,0,0,0,,,,0,
2026-07-01,2026-07-21,"Tem movimentação diferente",inactive,2026-05-14,2026-06-12,Contínuo,,,,"Usando orçamento da campanha",0,0,0,0,0,,,,0,
2026-07-01,2026-07-21,"AD05 Seleção ALV",inactive,2026-05-14,2026-06-12,Contínuo,,,,"Usando orçamento da campanha",0,0,0,0,0,,,,0,
2026-07-01,2026-07-21,"VAD01 Seleção ALV  Dgongora",not_delivering,2026-05-12,2026-06-12,Contínuo,33,total_profile_visits,0.12545455,"Usando orçamento da campanha",0,4.14,354,312,1.134615,23,6.779661,0.1725,11.694915,2
2026-07-01,2026-07-21,"VAD01 Seleção ALV Autopower",not_delivering,2026-05-12,2026-06-12,Contínuo,29,total_profile_visits,0.18586207,"Usando orçamento da campanha",0,5.39,486,440,1.104545,26,5.349794,0.207308,11.090535,3
2026-07-01,2026-07-21,"VAD01 Seleção ALV Toso",not_delivering,2026-05-12,2026-06-12,Contínuo,14,total_profile_visits,0.16285714,"Usando orçamento da campanha",0,2.28,213,199,1.070352,12,5.633803,0.19,10.704225,1
2026-07-01,2026-07-21,"VAD01 Seleção ALV Jairauto",not_delivering,2026-05-12,2026-06-12,Contínuo,12,total_profile_visits,0.2575,"Usando orçamento da campanha",0,3.09,295,271,1.088561,11,3.728814,0.280909,10.474576,2
2026-07-01,2026-07-21,"VAD01 Seleção ALV Carros Premium",not_delivering,2026-05-12,2026-06-12,Contínuo,21,total_profile_visits,0.23619048,"Usando orçamento da campanha",0,4.96,533,464,1.148707,16,3.001876,0.31,9.305816,2
2026-07-01,2026-07-21,"VAD01 Seleção ALV Grantorino",not_delivering,2026-05-12,2026-06-12,Contínuo,32,total_profile_visits,0.2071875,"Usando orçamento da campanha",0,6.63,679,646,1.051084,29,4.270987,0.228621,9.764359,5
2026-07-01,2026-07-21,"VAD01 Seleção ALV Autojans",not_delivering,2026-05-12,2026-06-12,Contínuo,1379,total_profile_visits,0.17507614,"Usando orçamento da campanha",0,241.43,29652,22691,1.306774,1126,4.036827,0.201696,8.142115,110
2026-07-01,2026-07-21,"VAD01 Seleção ALV Sitima",not_delivering,2026-05-12,2026-06-12,Contínuo,30,total_profile_visits,0.169,"Usando orçamento da campanha",0,5.07,512,454,1.127753,22,4.492188,0.220435,9.902344,1
2026-07-01,2026-07-21,"VAD01 Seleção ALV City Motors",not_delivering,2026-05-12,2026-06-12,Contínuo,54,total_profile_visits,0.10296296,"Usando orçamento da campanha",0,5.56,540,479,1.127349,33,7.037037,0.146316,10.296296,8
2026-07-01,2026-07-21,"VAD01 Seleção ALV Toyoto",not_delivering,2026-05-12,2026-06-12,Contínuo,5,total_profile_visits,0.19,"Usando orçamento da campanha",0,0.95,84,79,1.063291,4,4.761905,0.2375,11.309524,2
2026-07-01,2026-07-21,"VAD02 SELEÇÃO ALV Geral",not_delivering,2026-05-12,2026-06-12,Contínuo,279,total_profile_visits,0.1821147,"Usando orçamento da campanha",0,50.81,5076,3910,1.29821,227,4.62963,0.216213,10.00985,32
2026-07-01,2026-07-21,"VAD01 Seleção ALV Auto Trade",not_delivering,2026-05-12,2026-06-15,Contínuo,7,total_profile_visits,0.16,"Usando orçamento da campanha",0,1.12,128,122,1.04918,7,5.46875,0.16,8.75,3
2026-07-01,2026-07-21,"VAD01 Seleção ALV Tipave",not_delivering,2026-05-12,2026-06-15,Contínuo,65,total_profile_visits,0.17184615,"Usando orçamento da campanha",0,11.17,1085,961,1.129032,56,5.345622,0.192586,10.294931,7
2026-07-01,2026-07-21,"VAD03 Test Drive Geely Max Tipave",inactive,2026-05-14,2026-07-14,Contínuo,195,total_profile_visits,0.19471795,"Usando orçamento da campanha",0,37.97,2943,2334,1.260925,139,5.198777,0.24817,12.901801,2
2026-07-01,2026-07-21,"VAD01 Seleção ALV Atual",not_delivering,2026-05-12,2026-06-15,Contínuo,216,total_profile_visits,0.19847222,"Usando orçamento da campanha",0,42.87,3980,3210,1.239875,161,4.271357,0.252176,10.771357,20
2026-07-01,2026-07-21,"AD01 Feirão Bradesco",inactive,2026-05-12,2026-07-03,Contínuo,12,total_profile_visits,0.11416667,"Usando orçamento da campanha",0,1.37,72,72,1,12,16.666667,0.114167,19.027778,
2026-07-01,2026-07-21,"AD02 Feirão Bradesco",inactive,2026-05-12,2026-07-03,Contínuo,9,total_profile_visits,0.09555556,"Usando orçamento da campanha",0,0.86,68,67,1.014925,9,14.705882,0.086,12.647059,
2026-07-01,2026-07-21,"AD03 Feirão Bradesco",inactive,2026-05-12,2026-07-03,Contínuo,3,total_profile_visits,0.08666667,"Usando orçamento da campanha",0,0.26,49,48,1.020833,3,6.122449,0.086667,5.306122,
2026-07-01,2026-07-21,"VAD01 Feirão Bradesco",inactive,2026-05-12,2026-07-03,Contínuo,208,total_profile_visits,0.12317308,"Usando orçamento da campanha",0,25.62,1304,1264,1.031646,212,16.411043,0.11972,19.647239,
2026-07-01,2026-07-21,"VAD02A Feirão Bradesco V2",inactive,2026-06-16,2026-06-23,Contínuo,,,,"Usando orçamento da campanha",0,0,0,0,0,,,,0,
2026-07-01,2026-07-21,"VAD01B Feirão Bradesco V1",inactive,2026-06-16,2026-06-23,Contínuo,,,,"Usando orçamento da campanha",0,0,0,0,0,,,,0,
2026-07-01,2026-07-21,"VAD02B Feirão Bradesco V2",inactive,2026-06-16,2026-07-03,Contínuo,1,total_profile_visits,0.08,"Usando orçamento da campanha",0,0.08,12,11,1.090909,2,16.666667,0.04,6.666667,
2026-07-01,2026-07-21,"VAD01A Feirão Bradesco V1",inactive,2026-06-16,2026-06-23,Contínuo,,,,"Usando orçamento da campanha",0,0,0,0,0,,,,0,
2026-07-01,2026-07-21,"VAD03A Feirão Bradesco V3",inactive,2026-06-16,2026-06-23,Contínuo,,,,"Usando orçamento da campanha",0,0,0,0,0,,,,0,
2026-07-01,2026-07-21,"VAD03B Feirão Bradesco V3",inactive,2026-06-16,2026-06-23,Contínuo,,,,"Usando orçamento da campanha",0,0,0,0,0,,,,0,
2026-07-01,2026-07-21,"AD01 Feirão Bradesco Institucional",inactive,2026-05-14,2026-07-03,Contínuo,30,total_profile_visits,0.11733333,"Usando orçamento da campanha",0,3.52,207,199,1.040201,30,14.975845,0.113548,17.004831,
2026-07-01,2026-07-21,"AD02 Feirão Bradesco Institucional",inactive,2026-05-14,2026-07-03,Contínuo,33,total_profile_visits,0.10878788,"Usando orçamento da campanha",0,3.59,192,188,1.021277,33,17.1875,0.108788,18.697917,
2026-07-01,2026-07-21,"AD03 Feirão Bradesco Institucional",inactive,2026-05-14,2026-07-03,Contínuo,1391,total_profile_visits,0.11183321,"Usando orçamento da campanha",0,155.56,8495,7194,1.180845,1322,16.597999,0.110326,18.311948,
2026-07-01,2026-07-21,"VAD01 Feirão Bradesco Institucional",inactive,2026-05-14,2026-07-03,Contínuo,,,,"Usando orçamento da campanha",0,0,0,0,0,,,,0,
2026-07-01,2026-07-21,"VAD02 Feirão Bradesco Institucional",inactive,2026-05-14,2026-07-03,Contínuo,,,,"Usando orçamento da campanha",0,0.01,2,2,1,,,,5,
2026-07-01,2026-07-21,"VAD03 Feirão Bradesco Institucional",inactive,2026-05-14,2026-07-03,Contínuo,1,total_profile_visits,0.05,"Usando orçamento da campanha",0,0.05,3,3,1,,,,16.666667,
2026-07-01,2026-07-21,"VAD01 Seleção ALV Provenci/Leon",not_delivering,2026-05-12,2026-06-16,Contínuo,100,total_profile_visits,0.1695,"Usando orçamento da campanha",0,16.95,1861,1652,1.126513,77,4.191295,0.217308,9.108006,8
2026-07-01,2026-07-21,"Post do Instagram: Feirão Jogada Certa vai...",not_delivering,2026-06-17,2026-06-17,2026-06-26,,,,"Usando orçamento da campanha",0,0,0,0,0,,,,0,
2026-07-01,2026-07-21,"VAD01 Seleção ALV Luvile",not_delivering,2026-05-12,2026-06-17,Contínuo,100,total_profile_visits,0.1574,"Usando orçamento da campanha",0,15.74,1497,1292,1.158669,77,5.477622,0.191951,10.514362,8
2026-07-01,2026-07-21,"VAD01 Seleção ALV GS Motors",not_delivering,2026-05-12,2026-06-18,Contínuo,8,total_profile_visits,0.2175,"Usando orçamento da campanha",0,1.74,211,200,1.055,6,2.843602,0.29,8.246446,1
2026-07-01,2026-07-21,"VAD01 Seleção ALV Via Mais/Way",not_delivering,2026-05-12,2026-06-19,Contínuo,2,total_profile_visits,0.47,"Usando orçamento da campanha",0,0.94,99,92,1.076087,2,2.020202,0.47,9.494949,1
2026-07-01,2026-07-21,"VAD01 Seleção ALV CWB/OZ",not_delivering,2026-05-12,2026-06-19,Contínuo,7,total_profile_visits,0.16285714,"Usando orçamento da campanha",0,1.14,126,113,1.115044,3,2.380952,0.38,9.047619,1
2026-07-01,2026-07-21,"Post do Instagram: 🚗 Preços que você não vai...",not_delivering,2026-06-19,2026-06-19,2026-06-22,,,,"Usando orçamento da campanha",0,0,0,0,0,,,,0,
2026-07-01,2026-07-21,"VAD01 Seleção ALV Pittbull",not_delivering,2026-05-12,2026-06-22,Contínuo,9,total_profile_visits,0.33777778,"Usando orçamento da campanha",0,3.04,342,313,1.092652,8,2.631579,0.337778,8.888889,
2026-07-01,2026-07-21,"Post do Instagram: As estrelas já estão em campo...",not_delivering,2026-06-23,2026-06-23,2026-06-27,,,,"Usando orçamento da campanha",0,0,0,0,0,,,,0,
2026-07-01,2026-07-21,"CRSL05 Feirão",inactive,2026-05-14,2026-07-03,Contínuo,930,actions:link_click,0.09494624,"Usando orçamento da campanha",0,88.3,26145,20700,1.263043,846,3.557085,0.094946,3.377319,375
2026-07-01,2026-07-21,"CRSL 07 Feirão",inactive,2026-05-14,2026-06-29,Contínuo,,,,"Usando orçamento da campanha",0,0,0,0,0,,,,0,
2026-07-01,2026-07-21,"CRSL 08 Feirão",inactive,2026-05-14,2026-07-03,Contínuo,6,actions:link_click,0.07333333,"Usando orçamento da campanha",0,0.44,267,264,1.011364,6,2.247191,0.073333,1.64794,1
2026-07-01,2026-07-21,"CRSL06 Feirão",inactive,2026-05-14,2026-06-29,Contínuo,,,,"Usando orçamento da campanha",0,0,0,0,0,,,,0,
2026-07-01,2026-07-21,"VAD01 Feirão",inactive,2026-05-12,2026-07-07,Contínuo,1505,total_profile_visits,0.11765449,"Usando orçamento da campanha",0,177.07,12014,10469,1.147579,1454,12.893291,0.114312,14.738638,
2026-07-01,2026-07-21,"VAD01 Seleção ALV South Motors",not_delivering,2026-05-12,2026-06-23,Contínuo,99,total_profile_visits,0.17030303,"Usando orçamento da campanha",0,16.86,1606,1402,1.145506,78,5.16812,0.203133,10.498132,9
2026-07-01,2026-07-21,"VAD01 Seleção ALV Massa Motors",not_delivering,2026-05-14,2026-06-25,Contínuo,413,total_profile_visits,0.24397094,"Usando orçamento da campanha",0,100.76,9544,7349,1.29868,310,3.321459,0.317855,10.557418,26
2026-07-01,2026-07-21,"AD01 Confira Nosso Estoque",active,2026-06-29,2026-06-29,Contínuo,58258,reach,1.55686773,12,Diário,90.7,75507,58258,1.29608,48,0.06357,1.889583,1.201213,7
2026-07-01,2026-07-21,"VAD01 Seleção ALV Schafas",not_delivering,2026-05-14,2026-06-25,Contínuo,39,total_profile_visits,0.16871795,"Usando orçamento da campanha",0,6.58,722,665,1.085714,28,4.016621,0.226897,9.113573,5
2026-07-01,2026-07-21,"VAD01 Seleção ALV Speed",inactive,2026-05-14,2026-06-30,Contínuo,,,,"Usando orçamento da campanha",0,0,0,0,0,,,,0,
2026-07-01,2026-07-21,"AD01 CWB Institucional",inactive,2026-06-29,2026-07-20,Contínuo,4,actions:onsite_conversion.messaging_conversation_started_7d,34.505,39,Diário,138.02,4317,2265,1.90596,21,0.486449,6.572381,31.971276,
2026-07-01,2026-07-21,"AD01 Massa Institucional",not_delivering,2026-06-29,2026-07-03,Contínuo,11,actions:onsite_conversion.messaging_conversation_started_7d,39.87818182,39,Diário,438.66,20983,8334,2.517759,161,0.93409,2.238061,20.905495,3
2026-07-01,2026-07-21,"AD01 OZ Institucional",not_delivering,2026-06-29,2026-07-17,Contínuo,27,actions:onsite_conversion.messaging_conversation_started_7d,11.72592593,39,Diário,316.6,12458,6061,2.055436,118,1.131803,2.24539,25.413389,
2026-07-01,2026-07-21,"AD01 Schafas Institucional",not_delivering,2026-06-29,2026-07-17,Contínuo,9,actions:onsite_conversion.messaging_conversation_started_7d,11.72,39,Diário,105.48,3166,1875,1.688533,33,1.07391,3.102353,33.316488,
2026-07-01,2026-07-21,"AD01 South Institucional",archived,2026-06-29,2026-06-29,Contínuo,,,,39,Diário,0,0,0,0,,,,0,
2026-07-01,2026-07-21,"AD01 GS Motors Institucional",not_delivering,2026-06-29,2026-07-17,Contínuo,30,actions:onsite_conversion.messaging_conversation_started_7d,13.56833333,39,Diário,407.05,11627,5550,2.094955,119,1.143889,3.060526,35.009031,1
2026-07-01,2026-07-21,"AD01 Speed Institucional",not_delivering,2026-06-29,2026-07-17,Contínuo,10,actions:onsite_conversion.messaging_conversation_started_7d,33.207,39,Diário,332.07,10327,3806,2.713347,47,0.522901,6.149444,32.155515,
2026-07-01,2026-07-21,"VD01 Speed Institucional",inactive,2026-06-29,2026-07-20,Contínuo,3,actions:onsite_conversion.messaging_conversation_started_7d,49.73333333,39,Diário,149.2,3916,2344,1.670648,7,0.178754,21.314286,38.100102,
2026-07-01,2026-07-21,"VD01 South Institucional",archived,2026-06-29,2026-06-29,Contínuo,,,,39,Diário,0,0,0,0,,,,0,
2026-07-01,2026-07-21,"VD01 Schafas Institucional",not_delivering,2026-06-29,2026-06-29,Contínuo,37,actions:onsite_conversion.messaging_conversation_started_7d,10.26162162,39,Diário,379.68,11005,6582,1.671984,90,0.872331,3.955,34.500682,
2026-07-01,2026-07-21,"VD01 OZ Institucional",inactive,2026-06-29,2026-07-20,Contínuo,5,actions:onsite_conversion.messaging_conversation_started_7d,31.686,39,Diário,158.43,4110,2458,1.672091,21,0.559611,6.888261,38.547445,
2026-07-01,2026-07-21,"VD01 GS Motors Institucional",not_delivering,2026-06-29,2026-06-29,Contínuo,7,actions:onsite_conversion.messaging_conversation_started_7d,9.71428571,39,Diário,68,1561,1074,1.453445,9,0.576553,7.555556,43.561819,
2026-07-01,2026-07-21,"VD01 Massa Institucional",inactive,2026-06-29,2026-07-03,Contínuo,,,,39,Diário,29.12,477,360,1.325,2,0.419287,14.56,61.048218,
2026-07-01,2026-07-21,"VD01 CWB Institucional",not_delivering,2026-06-29,2026-06-29,Contínuo,24,actions:onsite_conversion.messaging_conversation_started_7d,14.85083333,39,Diário,356.42,8818,5674,1.554106,55,0.646405,6.252982,40.419596,2
2026-07-01,2026-07-21,"AD03 Seu carro está aqui",inactive,2026-06-29,2026-07-02,Contínuo,4771,reach,1.27017397,12,Diário,6.06,5042,4771,1.056802,2,0.039667,3.03,1.201904,
2026-07-01,2026-07-21,"AD05 Conforto, praticidade e segurança",active,2026-06-29,2026-06-29,Contínuo,103479,reach,1.84220953,12,Diário,190.63,156641,103479,1.513747,113,0.072139,1.686991,1.216987,21
2026-07-01,2026-07-21,"VD01 Confiança, praticidade e segurança",inactive,2026-06-29,2026-07-07,Contínuo,1205,reach,1.2780083,12,Diário,1.54,1237,1205,1.026556,,,,1.244947,
2026-07-01,2026-07-21,"VD02 Motion Seu carro está aqui",inactive,2026-06-29,2026-07-02,Contínuo,117,reach,1.53846154,12,Diário,0.18,122,117,1.042735,,,,1.47541,
2026-07-01,2026-07-21,"VD03 Curitiba, estoque +1000 seminovos",inactive,2026-06-29,2026-07-02,Contínuo,131,reach,1.14503817,12,Diário,0.15,133,131,1.015267,,,,1.12782,
2026-07-01,2026-07-21,"AD02 Seu carro esta aqui V2",inactive,2026-06-29,2026-07-02,Contínuo,1312,reach,1.2347561,10,Diário,1.62,1334,1312,1.016768,,,,1.214393,
2026-07-01,2026-07-21,"VD01 Confiança, praticidade e segurança",inactive,2026-06-29,2026-07-02,Contínuo,148,reach,1.28378378,10,Diário,0.19,149,148,1.006757,,,,1.275168,
2026-07-01,2026-07-21,"AD05 Conforto, praticidade e segurança",inactive,2026-06-29,2026-07-02,Contínuo,1961,reach,1.2136665,10,Diário,2.38,1995,1961,1.017338,2,0.100251,1.19,1.192982,
2026-07-01,2026-07-21,"VD02 Motion Seu carro está aqui",inactive,2026-06-29,2026-07-02,Contínuo,0,reach,,10,Diário,0,0,0,0,,,,0,
2026-07-01,2026-07-21,"AD03 Buscando seu carro novo?",not_delivering,2026-06-29,2026-06-29,Contínuo,60975,reach,1.65149651,10,Diário,100.7,79899,60975,1.310357,54,0.067585,1.864815,1.260341,7
2026-07-01,2026-07-21,"VD03 Não encontra na sua região?",inactive,2026-06-29,2026-07-02,Contínuo,46,reach,1.30434783,10,Diário,0.06,47,46,1.021739,,,,1.276596,
2026-07-01,2026-07-21,"AD04 Vale a pena buscar",inactive,2026-06-29,2026-07-02,Contínuo,1772,reach,1.32054176,10,Diário,2.34,1828,1772,1.031603,1,0.054705,2.34,1.280088,1
2026-07-01,2026-07-21,"AD01 Confira Nosso Estoque",not_delivering,2026-06-29,2026-06-29,Contínuo,52655,reach,1.62928497,10,Diário,85.79,68193,52655,1.295091,48,0.070388,1.787292,1.258047,6
2026-07-01,2026-07-21,"AD06 Seminovo que não encontra na sua região",inactive,2026-06-29,2026-07-02,Contínuo,2047,reach,1.14802149,10,Diário,2.35,2070,2047,1.011236,,,,1.135266,
2026-07-01,2026-07-21,"VD04 Procurando carros de qualidade",not_delivering,2026-06-29,2026-07-10,Contínuo,337,reach,1.27596439,10,Diário,0.43,348,337,1.032641,,,,1.235632,
2026-07-01,2026-07-21,"VD03 Não encontra na sua região?",active,2026-06-29,2026-07-10,Contínuo,175,reach,1.02857143,10,Diário,0.18,178,175,1.017143,,,,1.011236,
2026-07-01,2026-07-21,"AD02 Seu carro esta aqui V2",inactive,2026-06-29,2026-07-02,Contínuo,1464,reach,1.04508197,10,Diário,1.53,1477,1464,1.00888,1,0.067705,1.53,1.035884,
2026-07-01,2026-07-21,"AD04 Vale a pena buscar",active,2026-06-29,2026-07-07,Contínuo,47355,reach,1.19649456,10,Diário,56.66,51948,47355,1.096991,56,0.1078,1.011786,1.090706,16
2026-07-01,2026-07-21,"AD03 Buscando seu carro novo?",not_delivering,2026-06-29,2026-06-29,Contínuo,48829,reach,1.89989555,10,Diário,92.77,70457,48829,1.442934,49,0.069546,1.893265,1.31669,6
2026-07-01,2026-07-21,"AD05 Conforto, praticidade e segurança",inactive,2026-06-29,2026-07-10,Contínuo,26244,reach,1.72915714,10,Diário,45.38,36026,26244,1.372733,15,0.041637,3.025333,1.259646,1
2026-07-01,2026-07-21,"AD01 Confira Nosso Estoque",not_delivering,2026-06-29,2026-06-29,Contínuo,38015,reach,1.88530843,10,Diário,71.67,54469,38015,1.432829,34,0.062421,2.107941,1.315794,8
2026-07-01,2026-07-21,"VD01 Confiança, praticidade e segurança",inactive,2026-06-29,2026-07-02,Contínuo,769,reach,1.27438231,10,Diário,0.98,774,769,1.006502,,,,1.26615,
2026-07-01,2026-07-21,"AD04 Vale a pena buscar",inactive,2026-06-29,2026-07-02,Contínuo,2236,reach,1.32826476,10,Diário,2.97,2333,2236,1.043381,3,0.12859,0.99,1.273039,1
2026-07-01,2026-07-21,"AD06 Seminovo que não encontra na sua região",inactive,2026-06-29,2026-07-02,Contínuo,1545,reach,1.10679612,10,Diário,1.71,1549,1545,1.002589,1,0.064558,1.71,1.103938,
2026-07-01,2026-07-21,"AD05 Conforto, praticidade e segurança",inactive,2026-06-29,2026-07-02,Contínuo,1247,reach,1.09061748,10,Diário,1.36,1247,1247,1,2,0.160385,0.68,1.090617,
2026-07-01,2026-07-21,"VD04 Procurando carros de qualidade",inactive,2026-06-29,2026-07-02,Contínuo,19,reach,1.05263158,10,Diário,0.02,19,19,1,,,,1.052632,
2026-07-01,2026-07-21,"AD03 Buscando seu carro novo?",active,2026-06-29,2026-06-29,Contínuo,85095,reach,1.26082614,10,Diário,107.29,95781,85095,1.125577,48,0.050114,2.235208,1.12016,14
2026-07-01,2026-07-21,"VD01 Confiança, praticidade e segurança",inactive,2026-06-29,2026-07-02,Contínuo,25,reach,2.4,10,Diário,0.06,25,25,1,,,,2.4,
2026-07-01,2026-07-21,"AD01 Confira Nosso Estoque",inactive,2026-06-29,2026-07-10,Contínuo,29005,reach,1.21117049,10,Diário,35.13,31161,29005,1.074332,16,0.051346,2.195625,1.127371,2
2026-07-01,2026-07-21,"VD04 Procurando carros de qualidade",inactive,2026-06-29,2026-07-02,Contínuo,21,reach,1.42857143,10,Diário,0.03,22,21,1.047619,,,,1.363636,
2026-07-01,2026-07-21,"VD03 Não encontra na sua região?",inactive,2026-06-29,2026-07-02,Contínuo,37,reach,1.35135135,10,Diário,0.05,39,37,1.054054,,,,1.282051,
2026-07-01,2026-07-21,"AD02 Seu carro esta aqui V2",inactive,2026-06-29,2026-07-02,Contínuo,1126,reach,1.1722913,10,Diário,1.32,1163,1126,1.03286,,,,1.134996,
2026-07-01,2026-07-21,"AD04 Vale a pena buscar",inactive,2026-06-29,2026-07-02,Contínuo,1775,reach,1.17746479,10,Diário,2.09,1799,1775,1.013521,1,0.055586,2.09,1.161757,
2026-07-01,2026-07-21,"VD02 Motion Seu carro está aqui",inactive,2026-06-29,2026-07-02,Contínuo,20,reach,2,10,Diário,0.04,20,20,1,,,,2,
2026-07-01,2026-07-21,"AD06 Seminovo que não encontra na sua região",inactive,2026-06-29,2026-07-02,Contínuo,826,reach,1.1622276,10,Diário,0.96,832,826,1.007264,1,0.120192,0.96,1.153846,
2026-07-01,2026-07-21,"VD01 Confiança, praticidade e segurança",inactive,2026-06-29,2026-07-02,Contínuo,415,reach,1.27710843,10,Diário,0.53,436,415,1.050602,,,,1.215596,
2026-07-01,2026-07-21,"AD01 Confira Nosso Estoque",not_delivering,2026-06-29,2026-06-29,Contínuo,48912,reach,1.55401537,10,Diário,76.01,62442,48912,1.276619,39,0.062458,1.948974,1.21729,5
2026-07-01,2026-07-21,"VD02 Motion Seu carro está aqui",inactive,2026-06-29,2026-07-02,Contínuo,46,reach,1.08695652,10,Diário,0.05,46,46,1,,,,1.086957,
2026-07-01,2026-07-21,"AD05 Conforto, praticidade e segurança",not_delivering,2026-06-29,2026-07-07,Contínuo,28848,reach,1.50513034,10,Diário,43.42,34662,28848,1.201539,22,0.06347,1.973636,1.252669,6
2026-07-01,2026-07-21,"AD03 Buscando seu carro novo?",not_delivering,2026-06-29,2026-06-29,Contínuo,55756,reach,1.59139824,10,Diário,88.73,72464,55756,1.299663,41,0.05658,2.164146,1.22447,8
2026-07-01,2026-07-21,"AD07 Não importa a região PR",inactive,2026-06-29,2026-07-02,Contínuo,884,reach,1.21040724,10,Diário,1.07,916,884,1.036199,,,,1.168122,
2026-07-01,2026-07-21,"AD01 Confira Nosso Estoque",inactive,2026-06-29,2026-07-20,Contínuo,231,actions:omni_landing_page_view,1.31060606,50,Diário,302.75,53678,20579,2.608387,713,1.549983,0.363882,5.640113,231
2026-07-01,2026-07-21,"AD02 Procurando Seminovo?",inactive,2026-06-29,2026-07-20,Contínuo,62,actions:omni_landing_page_view,1.395,50,Diário,86.49,14176,7673,1.847517,184,1.495485,0.407972,6.101157,62
2026-07-01,2026-07-21,"VD02 Motion Seu carro está aqui",inactive,2026-06-29,2026-07-20,Contínuo,6,actions:omni_landing_page_view,1.59166667,50,Diário,9.55,1552,1214,1.278418,27,1.739691,0.353704,6.153351,6
2026-07-01,2026-07-21,"AD01 South Institucional",not_delivering,2026-06-29,2026-07-17,Contínuo,18,actions:onsite_conversion.messaging_conversation_started_7d,13.15222222,39,Diário,236.74,6308,3111,2.027644,38,0.618263,6.070256,37.53012,2
2026-07-01,2026-07-21,"VD01 South Institucional",not_delivering,2026-06-29,2026-06-29,Contínuo,17,actions:onsite_conversion.messaging_conversation_started_7d,15.19529412,39,Diário,258.32,6044,3497,1.728339,31,0.545996,7.827879,42.739907,2
2026-07-01,2026-07-21,"Post do Instagram: Kardian Iconic 2026 ou Pulse...",not_delivering,2026-07-01,2026-07-01,2026-07-15,508,actions:link_click,0.27476378,"Usando orçamento da campanha",0,139.58,16140,10833,1.489892,473,3.14746,0.274764,8.648079,214
2026-07-01,2026-07-21,"Post do Instagram: Ele veio buscar o carro...",not_delivering,2026-07-02,2026-07-02,2026-07-09,22499,actions:post_engagement,0.00310636,"Usando orçamento da campanha",0,69.89,34501,33071,1.04324,,,,2.025738,
2026-07-01,2026-07-21,"Post do Instagram: 🚗 Preços que você não vai...",not_delivering,2026-07-03,2026-07-03,2026-07-06,88,profile_visit_view,0.34045455,"Usando orçamento da campanha",0,29.96,3784,2965,1.276223,73,2.299154,0.344368,7.917548,4
2026-07-01,2026-07-21,"AD01 Santander + Autoshopping",inactive,2026-06-29,2026-07-20,Contínuo,317,actions:omni_landing_page_view,1.38082019,100,Diário,437.72,67528,36040,1.873696,1218,2.070252,0.313104,6.482052,317
2026-07-01,2026-07-21,"VD03 Santander + Autoshopping",inactive,2026-06-29,2026-07-20,Contínuo,,,,100,Diário,1.97,332,306,1.084967,3,0.903614,0.656667,5.933735,
2026-07-01,2026-07-21,"VD01 Santander + Autoshopping",inactive,2026-06-29,2026-07-20,Contínuo,34,actions:omni_landing_page_view,2.58588235,100,Diário,87.92,12463,8975,1.388635,209,1.837439,0.38393,7.054481,34
2026-07-01,2026-07-21,"Post do Instagram: Vai viajar nas férias? Não...",not_delivering,2026-07-06,2026-07-06,2026-07-13,8236,actions:post_engagement,0.00848592,"Usando orçamento da campanha",0,69.89,15719,12371,1.270633,,,,4.446212,
2026-07-01,2026-07-21,"AD08 Tiggo OZ - Ofertas 07/07 - 21/07",inactive,2026-06-29,2026-07-21,Contínuo,5008,actions:omni_landing_page_view,0.22740815,100,Diário,1138.86,170019,83031,2.047657,5167,3.690176,0.181521,6.698428,5008
2026-07-01,2026-07-21,"AD09 Tiggo Autopower - Ofertas 07/07 - 21/07",inactive,2026-06-29,2026-07-21,Contínuo,2370,actions:omni_landing_page_view,0.22793671,100,Diário,540.21,96311,51325,1.876493,2522,3.110756,0.18031,5.609017,2370
2026-07-01,2026-07-21,"AD10 Polo Toso - Ofertas 07/07 - 21/07",inactive,2026-06-29,2026-07-21,Contínuo,596,actions:omni_landing_page_view,0.19788591,50,Diário,117.94,26088,12709,2.052719,592,2.813554,0.160681,4.520853,596
2026-07-01,2026-07-21,"AD09 Tiggo Autopower - Ofertas 07/07 - 21/07",inactive,2026-06-29,2026-07-20,Contínuo,40,actions:omni_landing_page_view,0.17275,50,Diário,6.91,1299,1150,1.129565,44,3.618168,0.147021,5.319477,40
2026-07-01,2026-07-21,"AD04 HB20 City - Ofertas 07/07 - 21/07",inactive,2026-06-29,2026-07-21,Contínuo,1106,actions:omni_landing_page_view,0.18855335,50,Diário,208.54,46336,23000,2.014609,1091,2.967455,0.151665,4.500604,1106
2026-07-01,2026-07-21,"AD01 Atual Institucional",active,2026-06-29,2026-07-17,Contínuo,5,actions:onsite_conversion.messaging_conversation_started_7d,28.61,39,Diário,143.05,4842,3122,1.550929,54,1.1772,2.509649,29.543577,
2026-07-01,2026-07-21,"AD01 Grantorino Institucional",active,2026-06-29,2026-07-17,Contínuo,17,actions:onsite_conversion.messaging_conversation_started_7d,20.72588235,39,Diário,352.34,13593,7952,1.709381,110,1.007872,2.571825,25.920694,3
2026-07-01,2026-07-21,"AD01 Way Institucional",inactive,2026-06-29,2026-07-20,Contínuo,2,actions:onsite_conversion.messaging_conversation_started_7d,56.355,39,Diário,112.71,3474,1922,1.807492,36,1.15141,2.81775,32.443869,
2026-07-01,2026-07-21,"AD01 Via Mais Institucional",active,2026-06-29,2026-07-17,Contínuo,16,actions:onsite_conversion.messaging_conversation_started_7d,20.62625,39,Diário,330.02,12511,6726,1.860095,110,0.959156,2.750167,26.378387,
2026-07-01,2026-07-21,"AD01 Sitima Institucional",active,2026-06-29,2026-07-17,Contínuo,15,actions:onsite_conversion.messaging_conversation_started_7d,21.90933333,39,Diário,328.64,10074,6205,1.623529,106,1.141553,2.857739,32.622593,
2026-07-01,2026-07-21,"AD01 Dgongora Institucional",active,2026-06-29,2026-07-17,Contínuo,4,actions:onsite_conversion.messaging_conversation_started_7d,32.9525,39,Diário,131.81,5165,3442,1.500581,32,0.677638,3.766,25.519845,
2026-07-01,2026-07-21,"VD01 Atual Institucional",active,2026-06-29,2026-07-13,Contínuo,9,actions:onsite_conversion.messaging_conversation_started_7d,28.16222222,39,Diário,253.46,6609,4569,1.446487,36,0.574974,6.67,38.350734,
2026-07-01,2026-07-21,"VD01 Via Mais Institucional",active,2026-06-29,2026-07-13,Contínuo,4,actions:onsite_conversion.messaging_conversation_started_7d,14.2525,39,Diário,57.01,982,791,1.241467,7,0.712831,8.144286,58.05499,
2026-07-01,2026-07-21,"VD01 Grantorino Institucional",active,2026-06-29,2026-07-13,Contínuo,1,actions:onsite_conversion.messaging_conversation_started_7d,24.23,39,Diário,24.23,730,579,1.260794,2,0.273973,12.115,33.191781,
2026-07-01,2026-07-21,"VD04 Procurando carros de qualidade",not_delivering,2026-06-29,2026-07-10,Contínuo,463,reach,1.25269978,10,Diário,0.58,464,463,1.00216,,,,1.25,
2026-07-01,2026-07-21,"AD02 Santander + Autoshopping",inactive,2026-06-29,2026-07-20,Contínuo,,,,100,Diário,0.06,13,11,1.181818,,,,4.615385,
2026-07-01,2026-07-21,"AD03 Santander + Autoshopping",inactive,2026-06-29,2026-07-20,Contínuo,,,,100,Diário,0.01,5,5,1,,,,2,
2026-07-01,2026-07-21,"VD02 Santander + Autoshopping",inactive,2026-06-29,2026-07-20,Contínuo,,,,100,Diário,0,2,2,1,,,,0,
2026-07-01,2026-07-21,"AD06 March CP - Ofertas 07/07 - 21/07",inactive,2026-06-29,2026-07-21,Contínuo,1911,actions:omni_landing_page_view,0.1918472,50,Diário,366.62,84466,39858,2.119173,1852,2.65669,0.163378,4.340445,1911
2026-07-01,2026-07-21,"AD05 Equinox Tipave - Ofertas 07/07 - 21/07",inactive,2026-06-29,2026-07-21,Contínuo,925,actions:omni_landing_page_view,0.17339459,50,Diário,160.39,36882,17453,2.113218,873,2.987907,0.145544,4.348734,925
2026-07-01,2026-07-21,"AD07 Kardian CWB - Ofertas 07/07 - 21/07",inactive,2026-06-29,2026-07-21,Contínuo,364,actions:omni_landing_page_view,0.27142857,50,Diário,98.8,17088,10306,1.658063,375,2.656835,0.217621,5.781835,364
2026-07-01,2026-07-21,"AD08 Tiggo OZ - Ofertas 07/07 - 21/07",inactive,2026-06-29,2026-07-20,Contínuo,33,actions:omni_landing_page_view,0.37272727,50,Diário,12.3,1682,1558,1.079589,36,2.140309,0.341667,7.312723,33
2026-07-01,2026-07-21,"VD04 Família",active,2026-06-29,2026-07-07,Contínuo,16661,reach,1.49450813,12,Diário,24.9,20193,16661,1.211992,16,0.084188,1.464706,1.233101,6
2026-07-01,2026-07-21,"Post do Instagram: 🚗 Hatch, sedã ou SUV? Tem...",not_delivering,2026-07-10,2026-07-10,2026-07-13,360,actions:link_click,0.41561111,"Usando orçamento da campanha",0,149.62,12628,9385,1.345551,327,2.850808,0.415611,11.848274,175
2026-07-01,2026-07-21,"VD05 Decisão comprar carro",active,2026-06-29,2026-07-13,Contínuo,993,reach,1.11782477,12,Diário,1.11,1009,993,1.016113,2,0.198216,0.555,1.100099,1
2026-07-01,2026-07-21,"VD01 Toyoto Institucional (video feirão)",inactive,2026-07-13,2026-07-20,Contínuo,29,actions:onsite_conversion.messaging_conversation_started_7d,9.56034483,39,Diário,277.25,10176,6541,1.555725,64,0.658412,4.13806,27.24548,
2026-07-01,2026-07-21,"AD01 Toyoto Institucional",active,2026-07-13,2026-07-17,Contínuo,1,actions:onsite_conversion.messaging_conversation_started_7d,17.12,39,Diário,17.12,795,567,1.402116,5,0.754717,2.853333,21.534591,
2026-07-01,2026-07-21,"VD07 Carro Família (SUV e sedã)",active,2026-06-29,2026-07-20,Contínuo,5,actions:omni_landing_page_view,0.196,50,Diário,0.98,140,130,1.076923,5,4.285714,0.163333,7,5
2026-07-01,2026-07-21,"VD08 Modelos para Cidade",active,2026-06-29,2026-07-20,Contínuo,10,actions:omni_landing_page_view,0.185,50,Diário,1.85,254,216,1.175926,15,6.299213,0.115625,7.283465,10
2026-07-01,2026-07-21,"VD09 Motorista de App",active,2026-06-29,2026-07-20,Contínuo,3,actions:omni_landing_page_view,0.18,50,Diário,0.54,64,55,1.163636,3,4.6875,0.18,8.4375,3
2026-07-01,2026-07-21,"VD01 Way Institucional",active,2026-06-29,2026-07-17,Contínuo,13,actions:onsite_conversion.messaging_conversation_started_7d,20.95615385,39,Diário,272.43,6446,4135,1.558888,33,0.542972,7.783714,42.263419,
2026-07-01,2026-07-21,"VD01 Sitima Institucional",active,2026-06-29,2026-07-15,Contínuo,3,actions:onsite_conversion.messaging_conversation_started_7d,17.61333333,39,Diário,52.84,1034,798,1.295739,6,0.580271,8.806667,51.102515,
2026-07-01,2026-07-21,"VD01 Dgongora Institucional",active,2026-06-29,2026-07-13,Contínuo,13,actions:onsite_conversion.messaging_conversation_started_7d,19.73846154,39,Diário,256.6,6281,4177,1.503711,23,0.366184,11.156522,40.853367,1
2026-07-01,2026-07-21,"VD10 Prova Social (entrevista)",active,2026-06-29,2026-07-20,Contínuo,10,actions:omni_landing_page_view,0.308,50,Diário,3.08,289,261,1.10728,14,5.190311,0.205333,10.657439,10
2026-07-01,2026-07-21,"VD11 V1 Carros Premium",active,2026-06-29,2026-07-20,Contínuo,16,actions:omni_landing_page_view,0.196875,50,Diário,3.15,532,435,1.222989,23,4.511278,0.13125,5.921053,16
2026-07-01,2026-07-21,"VD11 V3 Carros Premium",active,2026-06-29,2026-07-20,Contínuo,6,actions:omni_landing_page_view,0.22166667,50,Diário,1.33,228,202,1.128713,7,3.070175,0.19,5.833333,6
2026-07-01,2026-07-21,"VD11 V2 Carros Premium",active,2026-06-29,2026-07-20,Contínuo,2,actions:omni_landing_page_view,0.4,50,Diário,0.8,144,134,1.074627,2,1.388889,0.4,5.555556,2
2026-07-01,2026-07-21,"VD09 Motorista de App",active,2026-06-29,2026-07-20,Contínuo,4,actions:omni_landing_page_view,0.6525,100,Diário,2.61,339,271,1.250923,4,1.474926,0.522,7.699115,4
2026-07-01,2026-07-21,"VD07 Carro Família (SUV e sedã)",active,2026-06-29,2026-07-20,Contínuo,16,actions:omni_landing_page_view,0.245625,100,Diário,3.93,624,530,1.177358,21,3.685897,0.17087,6.298077,16
2026-07-01,2026-07-21,"VD10 Prova Social (entrevista)",active,2026-06-29,2026-07-20,Contínuo,423,actions:omni_landing_page_view,0.27763593,100,Diário,117.44,15442,10933,1.412421,516,3.458101,0.219925,7.605232,423
2026-07-01,2026-07-21,"VD11 V1 Carros Premium",active,2026-06-29,2026-07-20,Contínuo,94,actions:omni_landing_page_view,0.24787234,100,Diário,23.3,3703,3033,1.220903,128,3.807723,0.165248,6.292196,94
2026-07-01,2026-07-21,"VD11 V3 Carros Premium",active,2026-06-29,2026-07-20,Contínuo,60,actions:omni_landing_page_view,0.28283333,100,Diário,16.97,2481,2008,1.235558,73,3.063281,0.223289,6.839984,60
2026-07-01,2026-07-21,"VD11 V2 Carros Premium",active,2026-06-29,2026-07-20,Contínuo,69,actions:omni_landing_page_view,0.22492754,100,Diário,15.52,2669,2249,1.18675,86,3.372049,0.172444,5.814912,69
2026-07-01,2026-07-21,"VD08 Modelos para Cidade",active,2026-06-29,2026-07-20,Contínuo,38,actions:omni_landing_page_view,0.25210526,100,Diário,9.58,1159,961,1.206035,42,3.882657,0.212889,8.265746,38
2026-07-01,2026-07-21,"AD11 Arraiá",active,2026-06-29,2026-07-20,Contínuo,8,actions:omni_landing_page_view,0.49375,100,Diário,3.95,1105,936,1.180556,23,2.171946,0.164583,3.574661,8
2026-07-01,2026-07-21,"VD04 Arraiá",active,2026-06-29,2026-07-20,Contínuo,4,actions:omni_landing_page_view,0.2275,100,Diário,0.91,179,161,1.111801,4,2.793296,0.182,5.083799,4
2026-07-01,2026-07-21,"VD05 Arraiá",active,2026-06-29,2026-07-20,Contínuo,,,,100,Diário,0.03,16,15,1.066667,,,,1.875,
2026-07-01,2026-07-21,"VD06 Arraiá",active,2026-06-29,2026-07-20,Contínuo,,,,100,Diário,0.25,69,60,1.15,,,,3.623188,
2026-07-01,2026-07-21,"Post do Instagram: A chave do seu carro novo...",active,2026-07-15,2026-07-15,2026-07-22,325,profile_visit_view,0.35501538,"Usando orçamento da campanha",0,115.38,13311,9234,1.44152,283,2.366464,0.366286,8.668019,49
2026-07-01,2026-07-21,"VD12 Test Drive VW Virtus Highline 2025 Toso",active,2026-06-29,2026-07-20,Contínuo,20,actions:omni_landing_page_view,0.302,50,Diário,6.04,1486,1061,1.400566,32,2.153432,0.18875,4.064603,20
2026-07-01,2026-07-21,"Post do Instagram: 🚗Confira algumas das...",not_delivering,2026-07-17,2026-07-17,2026-07-20,293,profile_visit_view,0.3062116,"Usando orçamento da campanha",0,89.72,15660,11369,1.37743,261,1.768838,0.323899,5.729246,19
2026-07-01,2026-07-21,"VD02 Toyoto Institucional",active,2026-07-13,2026-07-20,Contínuo,2,actions:onsite_conversion.messaging_conversation_started_7d,11.615,39,Diário,23.23,592,459,1.28976,2,0.337838,11.615,39.239865,
2026-07-01,2026-07-21,"AD03 CWB --- Ofertas 21/07 - 07/08",active,2026-07-21,2026-07-21,Contínuo,,,,40,Diário,0.27,64,61,1.04918,1,1.5625,0.27,4.21875,
2026-07-01,2026-07-21,"AD04 Schafas --- Ofertas 21/07 - 07/08",active,2026-07-21,2026-07-21,Contínuo,1,actions:omni_landing_page_view,0.23,40,Diário,0.23,21,19,1.105263,1,4.761905,0.23,10.952381,1
2026-07-01,2026-07-21,"AD05 Via Mais --- Ofertas 21/07 - 07/08",active,2026-07-21,2026-07-21,Contínuo,1,actions:omni_landing_page_view,0.02,40,Diário,0.02,9,9,1,1,11.111111,0.02,2.222222,1
2026-07-01,2026-07-21,"Ad 1 - Institucional",inactive,2025-04-23,2026-06-05,Contínuo,,,,"Usando orçamento da campanha",0,0,0,0,0,,,,0,
2026-07-01,2026-07-21,"AD 02 -MG-SP",not_delivering,2026-02-10,2026-06-25,Contínuo,,,,6,Diário,0.46,114,107,1.065421,2,1.754386,0.23,4.035088,
2026-07-01,2026-07-21,"AD 01 - Guarapuava",not_delivering,2026-02-24,2026-02-24,Contínuo,1,actions:omni_landing_page_view,0.48,6,Diário,0.48,56,55,1.018182,1,1.785714,0.48,8.571429,1
2026-07-01,2026-07-21,"AD 01 - Geral imagem",not_delivering,2026-02-24,2026-02-24,Contínuo,2,actions:omni_landing_page_view,0.87,6,Diário,1.74,406,396,1.025253,4,0.985222,0.435,4.285714,2
2026-07-01,2026-07-21,"AD 01 - Geral imagem — Cópia",not_delivering,2026-02-24,2026-02-24,Contínuo,2,actions:omni_landing_page_view,0.25,6,Diário,0.5,108,107,1.009346,2,1.851852,0.25,4.62963,2
2026-07-01,2026-07-21,"AD 01 - Geral imagem — Cópia",not_delivering,2026-02-24,2026-02-24,Contínuo,2,actions:omni_landing_page_view,0.655,6,Diário,1.31,253,242,1.045455,4,1.581028,0.3275,5.177866,2
2026-07-01,2026-07-21,Oferta,not_delivering,2024-08-29,2026-03-19,Contínuo,,,,"Usando orçamento da campanha",0,0,0,0,0,,,,0,
2026-07-01,2026-07-21,"Oferta feirao",not_delivering,2024-08-29,2026-03-19,Contínuo,,,,"Usando orçamento da campanha",0,0,0,0,0,,,,0,
2026-07-01,2026-07-21,"AD 01 - institucional",not_delivering,2026-03-24,2026-04-24,Contínuo,,,,"Usando orçamento da campanha",0,0,0,0,0,,,,0,
2026-07-01,2026-07-21,"AD 03 - celta",not_delivering,2026-03-24,2026-04-20,Contínuo,,,,"Usando orçamento da campanha",0,0,0,0,0,,,,0,
2026-07-01,2026-07-21,"AD 01 -",inactive,2026-04-10,2026-06-16,Contínuo,,,,"Usando orçamento da campanha",0,0,0,0,0,,,,0,
2026-07-01,2026-07-21,March,not_delivering,2025-05-02,2026-04-24,Contínuo,,,,"Usando orçamento da campanha",0,0,0,0,0,,,,0,
2026-07-01,2026-07-21,"AD 02 Polo",not_delivering,2026-01-22,2026-04-15,Contínuo,,,,"Usando orçamento da campanha",0,0,0,0,0,,,,0,
2026-07-01,2026-07-21,"AD 02 - Punto",not_delivering,2025-06-05,2026-06-01,Contínuo,,,,"Usando orçamento da campanha",0,0,0,0,0,,,,0,
2026-07-01,2026-07-21,"AD 01 Via Mais — Cópia",not_delivering,2025-06-06,2026-04-20,Contínuo,,,,"Usando orçamento da campanha",0,0,0,0,0,,,,0,
2026-07-01,2026-07-21,"AD 02 - Punto — Cópia",not_delivering,2025-06-06,2026-04-20,Contínuo,,,,"Usando orçamento da campanha",0,0,0,0,0,,,,0,
2026-07-01,2026-07-21,"Institucional - Carros Premium",not_delivering,2025-05-27,2026-04-20,Contínuo,,,,"Usando orçamento da campanha",0,0,0,0,0,,,,0,
2026-07-01,2026-07-21,"AD 01 - CRUZE",not_delivering,2025-05-27,2026-04-24,Contínuo,,,,"Usando orçamento da campanha",0,0,0,0,0,,,,0,
2026-07-01,2026-07-21,"AD 03 March 2016",not_delivering,2025-05-27,2026-04-24,Contínuo,,,,"Usando orçamento da campanha",0,0,0,0,0,,,,0,
2026-07-01,2026-07-21,"AD 01 - Institucional",not_delivering,2026-04-22,2026-04-22,Contínuo,,,,"Usando orçamento da campanha",0,0,0,0,0,,,,0,
2026-07-01,2026-07-21,"AD 01 -",inactive,2026-05-14,2026-06-16,Contínuo,,,,"Usando orçamento da campanha",0,0,0,0,0,,,,0,
2026-07-01,2026-07-21,"AD 01 -",inactive,2026-05-14,2026-06-16,Contínuo,,,,"Usando orçamento da campanha",0,0,0,0,0,,,,0,
2026-07-01,2026-07-21,"AD06 Carros Premium --- Ofertas 21/07 - 07/08",active,2026-07-21,2026-07-21,Contínuo,12,actions:omni_landing_page_view,0.74,40,Diário,8.88,1417,1358,1.043446,20,1.552576,0.403636,6.266761,12
2026-07-01,2026-07-21,"AD07 OZ --- Ofertas 21/07 - 07/08",active,2026-07-21,2026-07-21,Contínuo,1,actions:omni_landing_page_view,0.01,40,Diário,0.01,11,11,1,1,9.090909,0.01,0.909091,1
2026-07-01,2026-07-21,"AD08 Sitima --- Ofertas 21/07 - 07/08",active,2026-07-21,2026-07-21,Contínuo,2,actions:omni_landing_page_view,0.32,40,Diário,0.64,108,99,1.090909,2,1.851852,0.32,5.925926,2
2026-07-01,2026-07-21,"AD 01 -MG-SP",not_delivering,2026-02-10,2026-06-25,Contínuo,2,actions:omni_landing_page_view,0.065,6,Diário,0.13,66,66,1,2,3.030303,0.065,1.969697,2
2026-07-01,2026-07-21,"AD 01 - norte oeste",not_delivering,2026-02-24,2026-02-24,Contínuo,,,,6,Diário,0.4,103,103,1,,,,3.883495,
2026-07-01,2026-07-21,Institucional,not_delivering,2025-05-02,2026-04-24,Contínuo,,,,"Usando orçamento da campanha",0,0,0,0,0,,,,0,
2026-07-01,2026-07-21,"AD 02",not_delivering,2026-04-10,2026-04-10,Contínuo,,,,"Usando orçamento da campanha",0,0,0,0,0,,,,0,
2026-07-01,2026-07-21,crossfox,not_delivering,2025-05-02,2026-04-24,Contínuo,,,,"Usando orçamento da campanha",0,0,0,0,0,,,,0,
2026-07-01,2026-07-21,"Institucional AD 01",not_delivering,2026-04-15,2026-04-22,Contínuo,,,,"Usando orçamento da campanha",0,0,0,0,0,,,,0,
2026-07-01,2026-07-21,"Ad 01 -Institucional",not_delivering,2025-05-05,2026-04-24,Contínuo,,,,"Usando orçamento da campanha",0,0,0,0,0,,,,0,
2026-07-01,2026-07-21,"Ad 02 - Fiat Cronos",not_delivering,2025-05-05,2026-04-24,Contínuo,,,,"Usando orçamento da campanha",0,0,0,0,0,,,,0,
2026-07-01,2026-07-21,"AD 01 Citroen C3 Way",not_delivering,2025-06-05,2026-06-01,Contínuo,,,,"Usando orçamento da campanha",0,0,0,0,0,,,,0,
2026-07-01,2026-07-21,"AD 01 Via Mais",not_delivering,2025-06-05,2026-04-20,Contínuo,,,,"Usando orçamento da campanha",0,0,0,0,0,,,,0,
2026-07-01,2026-07-21,"AD 02 - strada via mais — Cópia",not_delivering,2025-06-06,2026-04-20,Contínuo,,,,"Usando orçamento da campanha",0,0,0,0,0,,,,0,
2026-07-01,2026-07-21,"AD 01 Citroen C3 Way — Cópia",not_delivering,2025-06-06,2026-04-20,Contínuo,,,,"Usando orçamento da campanha",0,0,0,0,0,,,,0,
2026-07-01,2026-07-21,"AD 02 - Fusion",not_delivering,2025-05-27,2026-04-24,Contínuo,,,,"Usando orçamento da campanha",0,0,0,0,0,,,,0,
2026-07-01,2026-07-21,Institucional,not_delivering,2026-04-22,2026-04-22,Contínuo,,,,"Usando orçamento da campanha",0,0,0,0,0,,,,0,
2026-07-01,2026-07-21,"AD01 PALIO 2016",not_delivering,2026-04-22,2026-06-01,Contínuo,,,,"Usando orçamento da campanha",0,0,0,0,0,,,,0,
2026-07-01,2026-07-21,"AD03 Corsa 2012",inactive,2026-04-22,2026-06-05,Contínuo,,,,"Usando orçamento da campanha",0,0,0,0,0,,,,0,
2026-07-01,2026-07-21,"AD02 Civic 2014",not_delivering,2026-04-22,2026-06-01,Contínuo,,,,"Usando orçamento da campanha",0,0,0,0,0,,,,0,
2026-07-01,2026-07-21,"AD Institucional via mais",not_delivering,2025-06-05,2026-04-24,Contínuo,,,,"Usando orçamento da campanha",0,0,0,0,0,,,,0,
2026-07-01,2026-07-21,"AD Institucional via mais — Cópia",not_delivering,2025-06-06,2026-04-24,Contínuo,,,,"Usando orçamento da campanha",0,0,0,0,0,,,,0,
2026-07-01,2026-07-21,"AD03 Cronos 2025",inactive,2026-04-24,2026-06-08,Contínuo,,,,"Usando orçamento da campanha",0,0,0,0,0,,,,0,
2026-07-01,2026-07-21,"AD 02",inactive,2026-05-14,2026-07-03,Contínuo,13,actions:omni_landing_page_view,0.26615385,"Usando orçamento da campanha",0,3.46,657,635,1.034646,16,2.739726,0.192222,5.266362,13
2026-07-01,2026-07-21,"AD 02",not_delivering,2026-05-14,2026-05-14,Contínuo,,,,"Usando orçamento da campanha",0,0,0,0,0,,,,0,
2026-07-01,2026-07-21,"AD 01 -",inactive,2026-05-14,2026-06-16,Contínuo,,,,"Usando orçamento da campanha",0,0,0,0,0,,,,0,
2026-07-01,2026-07-21,"AD 02",inactive,2026-05-14,2026-06-16,Contínuo,,,,"Usando orçamento da campanha",0,0,0,0,0,,,,0,
2026-07-01,2026-07-21,"NOVO VAD02 Seleção ALV",not_delivering,2026-06-02,2026-06-05,Contínuo,,,,"Usando orçamento da campanha",0,0,0,0,0,,,,0,
2026-07-01,2026-07-21,"AD05 Strada 2025",not_delivering,2025-06-05,2026-06-01,Contínuo,,,,"Usando orçamento da campanha",0,0,0,0,0,,,,0,
2026-07-01,2026-07-21,"carrossel 2",inactive,2026-05-14,2026-06-03,Contínuo,,,,"Usando orçamento da campanha",0,0,0,0,0,,,,0,
2026-07-01,2026-07-21,"Carrossel 1",inactive,2026-05-14,2026-06-03,Contínuo,,,,"Usando orçamento da campanha",0,0,0,0,0,,,,0,
2026-07-01,2026-07-21,"Dgongora Seleção Linha Verde",inactive,2026-05-12,2026-06-02,Contínuo,,,,"Usando orçamento da campanha",0,0,0,0,0,,,,0,
2026-07-01,2026-07-21,"VAD02 Seleção ALV",inactive,2026-05-12,2026-06-02,Contínuo,,,,"Usando orçamento da campanha",0,0,0,0,0,,,,0,
2026-07-01,2026-07-21,"AD02 Seleção ALV",inactive,2026-05-12,2026-06-02,Contínuo,,,,"Usando orçamento da campanha",0,0,0,0,0,,,,0,
2026-07-01,2026-07-21,"AD02 Seleção ALV",inactive,2026-05-14,2026-06-02,Contínuo,,,,"Usando orçamento da campanha",0,0,0,0,0,,,,0,
2026-07-01,2026-07-21,"VAD03 Seleção ALV",inactive,2026-05-14,2026-06-02,Contínuo,,,,"Usando orçamento da campanha",0,0,0,0,0,,,,0,
2026-07-01,2026-07-21,"VAD03 Seleção ALV",inactive,2026-06-02,2026-06-05,Contínuo,,,,"Usando orçamento da campanha",0,0,0,0,0,,,,0,
2026-07-01,2026-07-21,"NOVO VAD03 Seleção ALV",not_delivering,2026-06-02,2026-06-08,Contínuo,,,,"Usando orçamento da campanha",0,0,0,0,0,,,,0,
2026-07-01,2026-07-21,"NOVO VAD01 Seleção ALV — Cópia",not_delivering,2026-06-02,2026-06-09,Contínuo,,,,"Usando orçamento da campanha",0,0,0,0,0,,,,0,
2026-07-01,2026-07-21,"NOVO AD01 Seleção ALV — Cópia",not_delivering,2026-06-02,2026-06-09,Contínuo,,,,"Usando orçamento da campanha",0,0,0,0,0,,,,0,
2026-07-01,2026-07-21,"NOVO VAD02 Seleção ALV — Cópia",not_delivering,2026-06-02,2026-06-09,Contínuo,,,,"Usando orçamento da campanha",0,0,0,0,0,,,,0,
2026-07-01,2026-07-21,"NOVO VAD01 Seleção ALV | V3",not_delivering,2026-06-02,2026-06-11,Contínuo,,,,"Usando orçamento da campanha",0,0,0,0,0,,,,0,
2026-07-01,2026-07-21,"AD01 Auto Trade Institucional",not_delivering,2026-06-29,2026-07-17,Contínuo,,,,39,Diário,0,0,0,0,,,,0,
2026-07-01,2026-07-21,"AD01 Pittbull Institucional",not_delivering,2026-06-29,2026-07-17,Contínuo,,,,39,Diário,0,0,0,0,,,,0,
2026-07-01,2026-07-21,"VD01 Auto Power Institucional",not_delivering,2026-06-29,2026-06-29,Contínuo,,,,39,Diário,0,0,0,0,,,,0,
2026-07-01,2026-07-21,"VD01 Provenci Institucional",not_delivering,2026-06-29,2026-06-29,Contínuo,,,,39,Diário,0,0,0,0,,,,0,
2026-07-01,2026-07-21,"VD01 Luville Institucional",not_delivering,2026-06-29,2026-06-29,Contínuo,,,,39,Diário,0,0,0,0,,,,0,
2026-07-01,2026-07-21,"VD02 Motion Seu carro está aqui",inactive,2026-06-29,2026-07-02,Contínuo,0,reach,,10,Diário,0,0,0,0,,,,0,
2026-07-01,2026-07-21,"VD03 Não encontra na sua região?",inactive,2026-06-29,2026-07-02,Contínuo,0,reach,,10,Diário,0,0,0,0,,,,0,
2026-07-01,2026-07-21,"AD01 Leon Institucional",not_delivering,2026-06-29,2026-07-17,Contínuo,,,,39,Diário,0,0,0,0,,,,0,
2026-07-01,2026-07-21,"AD04 HB20 City - Ofertas 07/07 - 21/07",inactive,2026-06-29,2026-07-20,Contínuo,,,,100,Diário,0,0,0,0,,,,0,
2026-07-01,2026-07-21,"AD07 Kardian CWB - Ofertas 07/07 - 21/07",inactive,2026-06-29,2026-07-20,Contínuo,,,,100,Diário,0,0,0,0,,,,0,
2026-07-01,2026-07-21,"AD01 City Motors --- Ofertas 21/07 - 07/08",active,2026-07-21,2026-07-21,Contínuo,,,,40,Diário,0,0,0,0,,,,0,
2026-07-01,2026-07-21,"carrossel 2",inactive,2026-05-14,2026-06-03,Contínuo,,,,"Usando orçamento da campanha",0,0,0,0,0,,,,0,
2026-07-01,2026-07-21,"Carrossel 1",inactive,2026-05-14,2026-06-03,Contínuo,,,,"Usando orçamento da campanha",0,0,0,0,0,,,,0,
2026-07-01,2026-07-21,"carrossel 2",inactive,2026-05-14,2026-06-03,Contínuo,,,,"Usando orçamento da campanha",0,0,0,0,0,,,,0,
2026-07-01,2026-07-21,"Dgongora Seleção Linha Verde — Cópia",inactive,2026-05-14,2026-06-02,Contínuo,,,,"Usando orçamento da campanha",0,0,0,0,0,,,,0,
2026-07-01,2026-07-21,"VAD01 Seleção ALV",inactive,2026-05-12,2026-06-02,Contínuo,,,,"Usando orçamento da campanha",0,0,0,0,0,,,,0,
2026-07-01,2026-07-21,"AD01 Seleção ALV",inactive,2026-05-12,2026-06-02,Contínuo,,,,"Usando orçamento da campanha",0,0,0,0,0,,,,0,
2026-07-01,2026-07-21,"AD03 Seleção ALV",inactive,2026-05-12,2026-06-02,Contínuo,,,,"Usando orçamento da campanha",0,0,0,0,0,,,,0,
2026-07-01,2026-07-21,"AD01 Seleção ALV",inactive,2026-05-14,2026-06-02,Contínuo,,,,"Usando orçamento da campanha",0,0,0,0,0,,,,0,
2026-07-01,2026-07-21,"VAD02 Seleção ALV",inactive,2026-05-14,2026-06-02,Contínuo,,,,"Usando orçamento da campanha",0,0,0,0,0,,,,0,
2026-07-01,2026-07-21,"AD01 City Motors Institucional",not_delivering,2026-06-29,2026-07-17,Contínuo,,,,39,Diário,0,0,0,0,,,,0,
2026-07-01,2026-07-21,"AD01 Jairauto Institucional",not_delivering,2026-06-29,2026-07-17,Contínuo,,,,39,Diário,0,0,0,0,,,,0,
2026-07-01,2026-07-21,"AD01 Toso Institucional",not_delivering,2026-06-29,2026-07-17,Contínuo,,,,39,Diário,0,0,0,0,,,,0,
2026-07-01,2026-07-21,"AD01 Provenci Institucional",not_delivering,2026-06-29,2026-07-17,Contínuo,,,,39,Diário,0,0,0,0,,,,0,
2026-07-01,2026-07-21,"AD01 Luville Institucional",not_delivering,2026-06-29,2026-07-17,Contínuo,,,,39,Diário,0,0,0,0,,,,0,
2026-07-01,2026-07-21,"VD01 Autojans Institucional",not_delivering,2026-06-29,2026-06-29,Contínuo,,,,39,Diário,0,0,0,0,,,,0,
2026-07-01,2026-07-21,"VD01 Auto Trade Institucional",not_delivering,2026-06-29,2026-06-29,Contínuo,,,,39,Diário,0,0,0,0,,,,0,
2026-07-01,2026-07-21,"VD01 City Motors Institucional",not_delivering,2026-06-29,2026-06-29,Contínuo,,,,39,Diário,0,0,0,0,,,,0,
2026-07-01,2026-07-21,"VD01 Pittbull Institucional",not_delivering,2026-06-29,2026-06-29,Contínuo,,,,39,Diário,0,0,0,0,,,,0,
2026-07-01,2026-07-21,"AD02 Procurando Seminovo?",inactive,2026-06-29,2026-07-02,Contínuo,0,reach,,12,Diário,0,0,0,0,,,,0,
2026-07-01,2026-07-21,"AD06 Seminovo que não encontra na sua região",inactive,2026-06-29,2026-07-02,Contínuo,0,reach,,10,Diário,0,0,0,0,,,,0,
2026-07-01,2026-07-21,"VD01 Leon Institucional",not_delivering,2026-06-29,2026-06-29,Contínuo,,,,39,Diário,0,0,0,0,,,,0,
2026-07-01,2026-07-21,"AD10 Polo Toso - Ofertas 07/07 - 21/07",inactive,2026-06-29,2026-07-20,Contínuo,,,,100,Diário,0,0,0,0,,,,0,
2026-07-01,2026-07-21,"AD01 Tipave Institucional",not_delivering,2026-07-15,2026-07-17,Contínuo,,,,39,Diário,0,0,0,0,,,,0,
2026-07-01,2026-07-21,"AD02 Atual --- Ofertas 21/07 - 07/08",active,2026-07-21,2026-07-21,Contínuo,,,,40,Diário,0,0,0,0,,,,0,
2026-07-01,2026-07-21,"AD09 Massa --- Ofertas 21/07 - 07/08",active,2026-07-21,2026-07-21,Contínuo,,,,40,Diário,0,0,0,0,,,,0,
2026-07-01,2026-07-21,"Carrossel 1",inactive,2026-05-14,2026-06-03,Contínuo,,,,"Usando orçamento da campanha",0,0,0,0,0,,,,0,
2026-07-01,2026-07-21,"VAD03 Seleção ALV",inactive,2026-05-12,2026-06-02,Contínuo,,,,"Usando orçamento da campanha",0,0,0,0,0,,,,0,
2026-07-01,2026-07-21,"VAD01 Seleção ALV",inactive,2026-05-14,2026-06-02,Contínuo,,,,"Usando orçamento da campanha",0,0,0,0,0,,,,0,
2026-07-01,2026-07-21,"AD03 Seleção ALV",inactive,2026-05-14,2026-06-02,Contínuo,,,,"Usando orçamento da campanha",0,0,0,0,0,,,,0,
2026-07-01,2026-07-21,"NOVO AD02 Seleção ALV — Cópia",not_delivering,2026-06-02,2026-06-09,Contínuo,,,,"Usando orçamento da campanha",0,0,0,0,0,,,,0,
2026-07-01,2026-07-21,"AD01 Auto Power Institucional",not_delivering,2026-06-29,2026-07-17,Contínuo,,,,39,Diário,0,0,0,0,,,,0,
2026-07-01,2026-07-21,"AD01 Autojans Institucional",not_delivering,2026-06-29,2026-07-17,Contínuo,,,,39,Diário,0,0,0,0,,,,0,
2026-07-01,2026-07-21,"VD01 Toso Institucional",not_delivering,2026-06-29,2026-06-29,Contínuo,,,,39,Diário,0,0,0,0,,,,0,
2026-07-01,2026-07-21,"VD01 Jairauto Institucional",not_delivering,2026-06-29,2026-06-29,Contínuo,,,,39,Diário,0,0,0,0,,,,0,
2026-07-01,2026-07-21,"AD04 Do hatch ao SUV",inactive,2026-06-29,2026-07-02,Contínuo,0,reach,,12,Diário,0,0,0,0,,,,0,
2026-07-01,2026-07-21,"AD02 Seu carro esta aqui V2",inactive,2026-06-29,2026-07-02,Contínuo,0,reach,,10,Diário,0,0,0,0,,,,0,
2026-07-01,2026-07-21,"AD07 Não importa a região PR",inactive,2026-06-29,2026-07-02,Contínuo,0,reach,,10,Diário,0,0,0,0,,,,0,
2026-07-01,2026-07-21,"AD05 Equinox Tipave - Ofertas 07/07 - 21/07",inactive,2026-06-29,2026-07-20,Contínuo,,,,100,Diário,0,0,0,0,,,,0,
2026-07-01,2026-07-21,"AD06 March CP - Ofertas 07/07 - 21/07",inactive,2026-06-29,2026-07-20,Contínuo,,,,100,Diário,0,0,0,0,,,,0,
2026-07-01,2026-07-21,"VD01 Tipave Institucional",not_delivering,2026-07-15,2026-07-15,Contínuo,,,,39,Diário,0,0,0,0,,,,0,
2026-07-01,2026-07-21,"VD01 Carros Premium Institucional",not_delivering,2026-07-16,2026-07-16,Contínuo,,,,179,Diário,0,0,0,0,,,,0,
2026-07-01,2026-07-21,"AD01 Carros Premium Institucional",not_delivering,2026-07-16,2026-07-17,Contínuo,,,,179,Diário,0,0,0,0,,,,0,
