"Início dos relatórios","Encerramento dos relatórios","Nome do anúncio","Veiculação de anúncio",Início,Término,"Data da última edição",Resultados,"Indicador de resultados","Custo por resultados","Valor usado (BRL)","Orçamento do conjunto de anúncios","Tipo de orçamento do conjunto de anúncios",Alcance,Frequência,Impressões,"Cliques no link","CTR (taxa de cliques no link)","CPC (custo por clique no link) (BRL)","CPM (custo por 1.000 impressões) (BRL)","Visualizações da página de destino","Visitas ao perfil do Instagram","Seguidores no Instagram","Cliques em Como chegar"
2026-07-01,2026-07-21,"evento troca de figurinha",archived,2026-03-04,Contínuo,2026-07-06,,,,0,"Usando orçamento da campanha",0,0,0,0,,,,0,,0,0,
2026-07-01,2026-07-21,"evento troca de figurinha — Cópia",archived,2026-03-31,Contínuo,2026-07-06,,,,0,"Usando orçamento da campanha",0,0,0,0,,,,0,,0,0,
2026-07-01,2026-07-21,"evento troca de figurinha — Cópia",archived,2026-04-01,Contínuo,2026-07-06,,,,0,"Usando orçamento da campanha",0,0,0,0,,,,0,,0,0,
2026-07-01,2026-07-21,"evento troca de figurinha — Cópia",archived,2026-04-01,Contínuo,2026-07-06,,,,0,"Usando orçamento da campanha",0,0,0,0,,,,0,,0,0,
2026-07-01,2026-07-21,"circo das cores",archived,2026-03-04,Contínuo,2026-07-06,,,,0,"Usando orçamento da campanha",0,0,0,0,,,,0,,0,0,
2026-07-01,2026-07-21,"circo das cores — Cópia",archived,2026-03-31,Contínuo,2026-07-06,,,,0,"Usando orçamento da campanha",0,0,0,0,,,,0,,0,0,
2026-07-01,2026-07-21,"video maratoninha",archived,2026-03-04,Contínuo,2026-07-06,,,,0,"Usando orçamento da campanha",0,0,0,0,,,,0,,0,0,
2026-07-01,2026-07-21,"maratoninha — Cópia",archived,2026-04-01,Contínuo,2026-07-06,,,,0,"Usando orçamento da campanha",0,0,0,0,,,,0,,0,0,
2026-07-01,2026-07-21,"video maratoninha — Cópia",archived,2026-04-01,Contínuo,2026-07-06,,,,0,"Usando orçamento da campanha",0,0,0,0,,,,0,,0,0,
2026-07-01,2026-07-21,"Promoção namorados",archived,2026-03-04,Contínuo,2026-07-06,,,,0,"Usando orçamento da campanha",0,0,0,0,,,,0,,0,0,
2026-07-01,2026-07-21,"Promoção namorados — Cópia",archived,2026-03-31,Contínuo,2026-07-06,,,,0,"Usando orçamento da campanha",0,0,0,0,,,,0,,0,0,
2026-07-01,2026-07-21,"Promoção namorados — Cópia",archived,2026-04-01,Contínuo,2026-07-06,,,,0,"Usando orçamento da campanha",0,0,0,0,,,,0,,0,0,
2026-07-01,2026-07-21,"AD 01 - bijuterias - joias — Cópia",active,2025-10-28,Contínuo,2026-05-19,3,actions:leadgen.other,38.04666667,114.14,"Usando orçamento da campanha",0,1664,1.995192,3320,15,0.451807,7.609333,34.379518,,10,0,
2026-07-01,2026-07-21,"AD 02 - Suplementos — Cópia",inactive,2025-10-28,Contínuo,2026-07-01,,,,2.15,"Usando orçamento da campanha",0,68,1.191176,81,1,1.234568,2.15,26.54321,,0,0,
2026-07-01,2026-07-21,"Ana Vaz",inactive,2025-10-28,Contínuo,2026-06-03,,,,0,"Usando orçamento da campanha",0,0,0,0,,,,0,,0,0,
2026-07-01,2026-07-21,"AD 02 - moda infantil — Cópia",not_delivering,2026-05-19,Contínuo,2026-05-19,,,,0,"Usando orçamento da campanha",0,0,0,0,,,,0,,0,0,
2026-07-01,2026-07-21,"AD 01 - bijuterias - joias — Cópia",inactive,2026-05-19,Contínuo,2026-06-16,,,,0,"Usando orçamento da campanha",0,0,0,0,,,,0,,0,0,
2026-07-01,2026-07-21,"AD 01 - Amarelo - suplementos — Cópia",inactive,2026-05-19,Contínuo,2026-06-16,,,,0,"Usando orçamento da campanha",0,0,0,0,,,,0,,0,0,
2026-07-01,2026-07-21,"AD 02 - moda geral — Cópia",inactive,2026-05-19,Contínuo,2026-06-16,,,,0,"Usando orçamento da campanha",0,0,0,0,,,,0,,0,0,
2026-07-01,2026-07-21,"AD 02 - moda geral — Cópia",inactive,2026-05-19,Contínuo,2026-06-16,,,,0,"Usando orçamento da campanha",0,0,0,0,,,,0,,0,0,
2026-07-01,2026-07-21,"AD 01 - Amarelo - suplementos — Cópia",inactive,2026-05-19,Contínuo,2026-06-16,,,,0,"Usando orçamento da campanha",0,0,0,0,,,,0,,0,0,
2026-07-01,2026-07-21,"AD 02 - moda infantil — Cópia",not_delivering,2026-05-19,Contínuo,2026-06-19,,,,0,"Usando orçamento da campanha",0,0,0,0,,,,0,,0,0,
2026-07-01,2026-07-21,"Novo anúncio de Leads — Cópia",inactive,2026-05-19,Contínuo,2026-06-16,,,,0,"Usando orçamento da campanha",0,0,0,0,,,,0,,0,0,
2026-07-01,2026-07-21,"AD 01 - Amarelo - suplementos — Cópia",inactive,2026-05-19,Contínuo,2026-07-01,,,,0.05,"Usando orçamento da campanha",0,5,1.2,6,,,,8.333333,,0,0,
2026-07-01,2026-07-21,"Novo anúncio de Leads — Cópia",active,2026-05-19,Contínuo,2026-06-19,2,actions:leadgen.other,33.85,67.7,"Usando orçamento da campanha",0,1751,1.835523,3214,27,0.840075,2.507407,21.064095,,13,0,
2026-07-01,2026-07-21,"AD 02 - moda masculina — Cópia",inactive,2026-05-19,Contínuo,2026-06-16,,,,0,"Usando orçamento da campanha",0,0,0,0,,,,0,,0,0,
2026-07-01,2026-07-21,"AD 02 - Suplementos — Cópia",inactive,2026-05-19,Contínuo,2026-06-16,,,,0,"Usando orçamento da campanha",0,0,0,0,,,,0,,0,0,
2026-07-01,2026-07-21,"AD 02 - moda geral — Cópia",inactive,2026-05-19,Contínuo,2026-07-20,1,actions:leadgen.other,111.32,111.32,"Usando orçamento da campanha",0,1655,1.6,2648,12,0.453172,9.276667,42.039275,,6,0,
2026-07-01,2026-07-21,"AD 02 - moda infantil — Cópia",active,2026-05-19,Contínuo,2026-06-19,4,actions:leadgen.other,20.91,83.64,"Usando orçamento da campanha",0,1173,1.812447,2126,23,1.081844,3.636522,39.341486,,7,1,
2026-07-01,2026-07-21,"Novo anúncio de Leads — Cópia",inactive,2026-05-19,Contínuo,2026-07-20,,,,66.89,"Usando orçamento da campanha",0,1280,1.41875,1816,21,1.156388,3.185238,36.8337,,4,0,
2026-07-01,2026-07-21,"AD 01 - Amarelo - suplementos — Cópia",inactive,2026-05-19,Contínuo,2026-06-16,,,,0,"Usando orçamento da campanha",0,0,0,0,,,,0,,0,0,
2026-07-01,2026-07-21,"Imagem Inverno",not_delivering,2026-03-11,Contínuo,2026-05-20,,,,0,"Usando orçamento da campanha",0,0,0,0,,,,0,,0,0,
2026-07-01,2026-07-21,"Imagem Inverno — Cópia",not_delivering,2026-03-11,Contínuo,2026-05-20,,,,0,"Usando orçamento da campanha",0,0,0,0,,,,0,,0,0,
2026-07-01,2026-07-21,"Imagem Inverno — Cópia",not_delivering,2026-05-20,Contínuo,2026-05-20,,,,0,"Usando orçamento da campanha",0,0,0,0,,,,0,,0,0,
2026-07-01,2026-07-21,"Imagem Inverno — Cópia",not_delivering,2026-05-20,Contínuo,2026-05-20,,,,0,"Usando orçamento da campanha",0,0,0,0,,,,0,,0,0,
2026-07-01,2026-07-21,"Achadinhos detona",archived,2026-03-04,Contínuo,2026-07-06,,,,0,"Usando orçamento da campanha",0,0,0,0,,,,0,,0,0,
2026-07-01,2026-07-21,"Feed circo",archived,2026-03-04,Contínuo,2026-07-06,,,,0,"Usando orçamento da campanha",0,0,0,0,,,,0,,0,0,
2026-07-01,2026-07-21,"Feed circo — Cópia",archived,2026-04-01,Contínuo,2026-07-06,,,,0,"Usando orçamento da campanha",0,0,0,0,,,,0,,0,0,
2026-07-01,2026-07-21,"Feed circo — Cópia",archived,2026-04-01,Contínuo,2026-07-06,,,,0,"Usando orçamento da campanha",0,0,0,0,,,,0,,0,0,
2026-07-01,2026-07-21,"Achadinhos detona — Cópia",archived,2026-04-01,Contínuo,2026-07-06,,,,0,"Usando orçamento da campanha",0,0,0,0,,,,0,,0,0,
2026-07-01,2026-07-21,"curikids — Cópia",archived,2026-03-31,Contínuo,2026-07-06,,,,0,"Usando orçamento da campanha",0,0,0,0,,,,0,,0,0,
2026-07-01,2026-07-21,"Achadinhos detona — Cópia",archived,2026-03-31,Contínuo,2026-07-06,,,,0,"Usando orçamento da campanha",0,0,0,0,,,,0,,0,0,
2026-07-01,2026-07-21,"Feed circo — Cópia",archived,2026-03-31,Contínuo,2026-07-06,,,,0,"Usando orçamento da campanha",0,0,0,0,,,,0,,0,0,
2026-07-01,2026-07-21,"AD09 Aline Store",not_delivering,2026-05-27,Contínuo,2026-05-27,,,,0,"Usando orçamento da campanha",0,0,0,0,,,,0,,0,0,
2026-07-01,2026-07-21,"AD05 Stylo Plus",not_delivering,2026-05-27,Contínuo,2026-05-27,,,,0,"Usando orçamento da campanha",0,0,0,0,,,,0,,0,0,
2026-07-01,2026-07-21,CRSL02,not_delivering,2026-05-27,Contínuo,2026-05-27,,,,0,"Usando orçamento da campanha",0,0,0,0,,,,0,,0,0,
2026-07-01,2026-07-21,"AD01 Broken Style",not_delivering,2026-05-27,Contínuo,2026-05-27,,,,0,"Usando orçamento da campanha",0,0,0,0,,,,0,,0,0,
2026-07-01,2026-07-21,"AD17 Ma Confort",not_delivering,2026-05-27,Contínuo,2026-05-27,,,,0,"Usando orçamento da campanha",0,0,0,0,,,,0,,0,0,
2026-07-01,2026-07-21,"AD19 Só Aki",not_delivering,2026-05-27,Contínuo,2026-05-27,,,,0,"Usando orçamento da campanha",0,0,0,0,,,,0,,0,0,
2026-07-01,2026-07-21,"AD20 Family Calçados",not_delivering,2026-05-27,Contínuo,2026-05-27,,,,0,"Usando orçamento da campanha",0,0,0,0,,,,0,,0,0,
2026-07-01,2026-07-21,CRSL03,not_delivering,2026-05-27,Contínuo,2026-05-27,,,,0,"Usando orçamento da campanha",0,0,0,0,,,,0,,0,0,
2026-07-01,2026-07-21,"CRSL02 Burguer Fest — Cópia",archived,2026-03-04,Contínuo,2026-07-06,,,,0,"Usando orçamento da campanha",0,0,0,0,,,,0,,0,0,
2026-07-01,2026-07-21,"CRSL02 Burguer Fest — Cópia — Cópia",archived,2026-04-01,Contínuo,2026-07-06,,,,0,"Usando orçamento da campanha",0,0,0,0,,,,0,,0,0,
2026-07-01,2026-07-21,"CRSL02 Burguer Fest — Cópia",archived,2026-04-01,Contínuo,2026-07-06,,,,0,"Usando orçamento da campanha",0,0,0,0,,,,0,,0,0,
2026-07-01,2026-07-21,"AD02 Corta Preço",archived,2026-04-01,Contínuo,2026-07-06,,,,0,"Usando orçamento da campanha",0,0,0,0,,,,0,,0,0,
2026-07-01,2026-07-21,"AD02 Corta Preço — Cópia",archived,2026-04-01,Contínuo,2026-07-06,,,,0,"Usando orçamento da campanha",0,0,0,0,,,,0,,0,0,
2026-07-01,2026-07-21,"AD02 Corta Preço — Cópia",archived,2026-03-31,Contínuo,2026-07-06,,,,0,"Usando orçamento da campanha",0,0,0,0,,,,0,,0,0,
2026-07-01,2026-07-21,"AD02 Corta Preço — Cópia",archived,2026-03-31,Contínuo,2026-07-06,,,,0,"Usando orçamento da campanha",0,0,0,0,,,,0,,0,0,
2026-07-01,2026-07-21,"AD02 Corta Preço — Cópia",archived,2026-03-04,Contínuo,2026-07-06,,,,0,"Usando orçamento da campanha",0,0,0,0,,,,0,,0,0,
2026-07-01,2026-07-21,"AD02 Corta Preço — Cópia",archived,2026-04-01,Contínuo,2026-07-06,,,,0,"Usando orçamento da campanha",0,0,0,0,,,,0,,0,0,
2026-07-01,2026-07-21,"AD04 Happy Hour Dia dos Namorados",archived,2026-03-04,Contínuo,2026-07-06,,,,0,"Usando orçamento da campanha",0,0,0,0,,,,0,,0,0,
2026-07-01,2026-07-21,"AD05 Happy Hour Dia dos Namorados",archived,2026-03-04,Contínuo,2026-07-06,,,,0,"Usando orçamento da campanha",0,0,0,0,,,,0,,0,0,
2026-07-01,2026-07-21,"AD05 Happy Hour Dia dos Namorados — Cópia",archived,2026-03-31,Contínuo,2026-07-06,,,,0,"Usando orçamento da campanha",0,0,0,0,,,,0,,0,0,
2026-07-01,2026-07-21,"AD04 Happy Hour Dia dos Namorados — Cópia",archived,2026-03-31,Contínuo,2026-07-06,,,,0,"Usando orçamento da campanha",0,0,0,0,,,,0,,0,0,
2026-07-01,2026-07-21,"AD04 Happy Hour Dia dos Namorados — Cópia",archived,2026-04-01,Contínuo,2026-07-06,,,,0,"Usando orçamento da campanha",0,0,0,0,,,,0,,0,0,
2026-07-01,2026-07-21,"AD04 Happy Hour Dia dos Namorados — Cópia",archived,2026-04-01,Contínuo,2026-07-06,,,,0,"Usando orçamento da campanha",0,0,0,0,,,,0,,0,0,
2026-07-01,2026-07-21,"VAD03 Eventos Junho Buzz — Cópia",archived,2026-03-31,Contínuo,2026-07-06,,,,0,"Usando orçamento da campanha",0,0,0,0,,,,0,,0,0,
2026-07-01,2026-07-21,"VAD04 Eventos Junho Sorteio Cruzeiro — Cópia",archived,2026-03-31,Contínuo,2026-07-06,,,,0,"Usando orçamento da campanha",0,0,0,0,,,,0,,0,0,
2026-07-01,2026-07-21,"VAD06 Eventos Junho Circo das Cores — Cópia",archived,2026-03-31,Contínuo,2026-07-06,,,,0,"Usando orçamento da campanha",0,0,0,0,,,,0,,0,0,
2026-07-01,2026-07-21,"CRSL02 Eventos Junho — Cópia",archived,2026-03-31,Contínuo,2026-07-06,,,,0,"Usando orçamento da campanha",0,0,0,0,,,,0,,0,0,
2026-07-01,2026-07-21,"VAD02 Eventos Junho Corta Preço — Cópia",archived,2026-03-31,Contínuo,2026-07-06,,,,0,"Usando orçamento da campanha",0,0,0,0,,,,0,,0,0,
2026-07-01,2026-07-21,"VAD02 Eventos Junho Corta Preço — Cópia",archived,2026-04-01,Contínuo,2026-07-06,,,,0,"Usando orçamento da campanha",0,0,0,0,,,,0,,0,0,
2026-07-01,2026-07-21,"VAD06 Eventos Junho Circo das Cores — Cópia",archived,2026-04-01,Contínuo,2026-07-06,,,,0,"Usando orçamento da campanha",0,0,0,0,,,,0,,0,0,
2026-07-01,2026-07-21,"VAD05 Eventos Junho Maratoninha — Cópia",archived,2026-04-01,Contínuo,2026-07-06,,,,0,"Usando orçamento da campanha",0,0,0,0,,,,0,,0,0,
2026-07-01,2026-07-21,"VAD04 Eventos Junho Sorteio Cruzeiro — Cópia",archived,2026-04-01,Contínuo,2026-07-06,,,,0,"Usando orçamento da campanha",0,0,0,0,,,,0,,0,0,
2026-07-01,2026-07-21,"Novo anúncio de Leads — Cópia",inactive,2026-05-19,Contínuo,2026-06-16,,,,0,"Usando orçamento da campanha",0,0,0,0,,,,0,,0,0,
2026-07-01,2026-07-21,"AD 01 - bijuterias - joias — Cópia",inactive,2026-05-19,Contínuo,2026-06-16,,,,0,"Usando orçamento da campanha",0,0,0,0,,,,0,,0,0,
2026-07-01,2026-07-21,"AD 02 - moda infantil — Cópia",inactive,2026-05-19,Contínuo,2026-06-19,,,,0,"Usando orçamento da campanha",0,0,0,0,,,,0,,0,0,
2026-07-01,2026-07-21,"AD 02 - moda masculina — Cópia",inactive,2026-05-19,Contínuo,2026-06-19,,,,0,"Usando orçamento da campanha",0,0,0,0,,,,0,,0,0,
2026-07-01,2026-07-21,"Video Inverno",not_delivering,2026-03-11,Contínuo,2026-05-20,,,,0,"Usando orçamento da campanha",0,0,0,0,,,,0,,0,0,
2026-07-01,2026-07-21,"Video Inverno — Cópia",not_delivering,2026-03-11,Contínuo,2026-05-20,,,,0,"Usando orçamento da campanha",0,0,0,0,,,,0,,0,0,
2026-07-01,2026-07-21,"VAD04 Eventos Junho Sorteio Cruzeiro — Cópia",archived,2026-04-01,Contínuo,2026-07-06,,,,0,"Usando orçamento da campanha",0,0,0,0,,,,0,,0,0,
2026-07-01,2026-07-21,"VAD06 Eventos Junho Circo das Cores — Cópia",archived,2026-04-01,Contínuo,2026-07-06,,,,0,"Usando orçamento da campanha",0,0,0,0,,,,0,,0,0,
2026-07-01,2026-07-21,"VAD02 Eventos Junho Corta Preço — Cópia",archived,2026-04-01,Contínuo,2026-07-06,,,,0,"Usando orçamento da campanha",0,0,0,0,,,,0,,0,0,
2026-07-01,2026-07-21,"evento troca de figurinha — Cópia — Cópia",inactive,2026-06-03,Contínuo,2026-06-25,,,,0,"Usando orçamento da campanha",0,0,0,0,,,,0,,0,0,
2026-07-01,2026-07-21,"Promoção namorados — Cópia — Cópia",inactive,2026-06-03,Contínuo,2026-06-15,,,,0,"Usando orçamento da campanha",0,0,0,0,,,,0,,0,0,
2026-07-01,2026-07-21,"AD04 Happy Hour Dia dos Namorados — Cópia — Cópia",inactive,2026-06-03,Contínuo,2026-06-15,,,,0,"Usando orçamento da campanha",0,0,0,0,,,,0,,0,0,
2026-07-01,2026-07-21,"VAD06 Eventos Junho Circo das Cores — Cópia — Cópia",inactive,2026-06-03,Contínuo,2026-06-25,,,,0,"Usando orçamento da campanha",0,0,0,0,,,,0,,0,0,
2026-07-01,2026-07-21,"VAD03 Eventos Junho Buzz — Cópia — Cópia",inactive,2026-06-03,Contínuo,2026-06-25,,,,0,"Usando orçamento da campanha",0,0,0,0,,,,0,,0,0,
2026-07-01,2026-07-21,"CRSL02 Eventos Junho — Cópia — Cópia",inactive,2026-06-03,Contínuo,2026-06-25,,,,0,"Usando orçamento da campanha",0,0,0,0,,,,0,,0,0,
2026-07-01,2026-07-21,"curikids — Cópia — Cópia",inactive,2026-06-03,Contínuo,2026-06-25,,,,0,"Usando orçamento da campanha",0,0,0,0,,,,0,,0,0,
2026-07-01,2026-07-21,"VAD01 CIRCO DAS CORES — Cópia — Cópia — Cópia — Cópia",inactive,2026-06-03,Contínuo,2026-06-25,,,,0,"Usando orçamento da campanha",0,0,0,0,,,,0,,0,0,
2026-07-01,2026-07-21,"AD05 Happy Hour Dia dos Namorados — Cópia — Cópia",inactive,2026-06-03,Contínuo,2026-06-15,,,,0,"Usando orçamento da campanha",0,0,0,0,,,,0,,0,0,
2026-07-01,2026-07-21,"Achadinhos detona — Cópia — Cópia",inactive,2026-06-03,Contínuo,2026-06-12,,,,0,"Usando orçamento da campanha",0,0,0,0,,,,0,,0,0,
2026-07-01,2026-07-21,"Loja artesanato — Cópia",not_delivering,2026-06-03,Contínuo,2026-06-08,3276,total_profile_visits,0.26516484,868.68,"Usando orçamento da campanha",0,77182,1.351831,104337,2529,2.423876,0.343488,8.325714,3,736,68,
2026-07-01,2026-07-21,"VAD05 Eventos Junho Maratoninha — Cópia — Cópia",inactive,2026-06-03,Contínuo,2026-06-25,,,,0,"Usando orçamento da campanha",0,0,0,0,,,,0,,0,0,
2026-07-01,2026-07-21,"Feed circo — Cópia — Cópia",inactive,2026-06-03,Contínuo,2026-06-25,,,,0,"Usando orçamento da campanha",0,0,0,0,,,,0,,0,0,
2026-07-01,2026-07-21,"LAD01 LIVE Corta Preço — Cópia — Cópia — Cópia — Cópia",inactive,2026-06-03,Contínuo,2026-06-05,,,,0,"Usando orçamento da campanha",0,0,0,0,,,,0,,0,0,
2026-07-01,2026-07-21,"Happy hour — Cópia",not_delivering,2026-06-03,Contínuo,2026-06-08,42,total_profile_visits,0.41214286,17.31,"Usando orçamento da campanha",0,1434,1.078801,1547,32,2.06852,0.540938,11.189399,,17,4,
2026-07-01,2026-07-21,"maratoninha — Cópia — Cópia",inactive,2026-06-03,Contínuo,2026-06-25,,,,0,"Usando orçamento da campanha",0,0,0,0,,,,0,,0,0,
2026-07-01,2026-07-21,"Feed circo — Cópia — Cópia",inactive,2026-06-03,Contínuo,2026-06-25,,,,0,"Usando orçamento da campanha",0,0,0,0,,,,0,,0,0,
2026-07-01,2026-07-21,"evento troca de figurinha — Cópia — Cópia",inactive,2026-06-03,Contínuo,2026-06-25,,,,0,"Usando orçamento da campanha",0,0,0,0,,,,0,,0,0,
2026-07-01,2026-07-21,"AD05 Happy Hour Dia dos Namorados — Cópia — Cópia",inactive,2026-06-03,Contínuo,2026-06-15,,,,0,"Usando orçamento da campanha",0,0,0,0,,,,0,,0,0,
2026-07-01,2026-07-21,"VAD04 Eventos Junho Sorteio Cruzeiro — Cópia — Cópia",inactive,2026-06-03,Contínuo,2026-06-25,,,,0,"Usando orçamento da campanha",0,0,0,0,,,,0,,0,0,
2026-07-01,2026-07-21,"VAD06 Eventos Junho Circo das Cores — Cópia — Cópia",inactive,2026-06-03,Contínuo,2026-06-25,,,,0,"Usando orçamento da campanha",0,0,0,0,,,,0,,0,0,
2026-07-01,2026-07-21,"VAD03 Eventos Junho Buzz — Cópia — Cópia",inactive,2026-06-03,Contínuo,2026-06-25,,,,0,"Usando orçamento da campanha",0,0,0,0,,,,0,,0,0,
2026-07-01,2026-07-21,"VAD05 Eventos Junho Maratoninha — Cópia — Cópia",inactive,2026-06-03,Contínuo,2026-06-25,,,,0,"Usando orçamento da campanha",0,0,0,0,,,,0,,0,0,
2026-07-01,2026-07-21,"VAD01 CIRCO DAS CORES — Cópia — Cópia — Cópia — Cópia",inactive,2026-06-03,Contínuo,2026-06-25,,,,0,"Usando orçamento da campanha",0,0,0,0,,,,0,,0,0,
2026-07-01,2026-07-21,"circo das cores — Cópia — Cópia",inactive,2026-06-03,Contínuo,2026-06-25,,,,0,"Usando orçamento da campanha",0,0,0,0,,,,0,,0,0,
2026-07-01,2026-07-21,"Promoção namorados — Cópia — Cópia",inactive,2026-06-03,Contínuo,2026-06-15,,,,0,"Usando orçamento da campanha",0,0,0,0,,,,0,,0,0,
2026-07-01,2026-07-21,"VAD02 Eventos Junho Corta Preço — Cópia — Cópia",inactive,2026-06-03,Contínuo,2026-06-25,,,,0,"Usando orçamento da campanha",0,0,0,0,,,,0,,0,0,
2026-07-01,2026-07-21,"Loja artesanato — Cópia",not_delivering,2026-06-03,Contínuo,2026-06-08,1193,total_profile_visits,0.25715004,306.78,"Usando orçamento da campanha",0,23078,1.164356,26871,926,3.446094,0.331296,11.416769,1,110,14,
2026-07-01,2026-07-21,"curikids — Cópia — Cópia",inactive,2026-06-03,Contínuo,2026-06-25,,,,0,"Usando orçamento da campanha",0,0,0,0,,,,0,,0,0,
2026-07-01,2026-07-21,"video maratoninha — Cópia — Cópia",inactive,2026-06-03,Contínuo,2026-06-25,,,,0,"Usando orçamento da campanha",0,0,0,0,,,,0,,0,0,
2026-07-01,2026-07-21,"Happy hour — Cópia",not_delivering,2026-06-03,Contínuo,2026-06-08,24,total_profile_visits,0.24416667,5.86,"Usando orçamento da campanha",0,493,1.083164,534,17,3.183521,0.344706,10.973783,,11,1,
2026-07-01,2026-07-21,"evento troca de figurinha — Cópia — Cópia",inactive,2026-06-03,Contínuo,2026-06-25,,,,0,"Usando orçamento da campanha",0,0,0,0,,,,0,,0,0,
2026-07-01,2026-07-21,"VAD05 Eventos Junho Maratoninha — Cópia — Cópia",inactive,2026-06-03,Contínuo,2026-06-25,,,,0,"Usando orçamento da campanha",0,0,0,0,,,,0,,0,0,
2026-07-01,2026-07-21,"VAD04 Eventos Junho Sorteio Cruzeiro — Cópia — Cópia",inactive,2026-06-03,Contínuo,2026-06-25,,,,0,"Usando orçamento da campanha",0,0,0,0,,,,0,,0,0,
2026-07-01,2026-07-21,"AD05 Happy Hour Dia dos Namorados — Cópia — Cópia",inactive,2026-06-03,Contínuo,2026-06-15,,,,0,"Usando orçamento da campanha",0,0,0,0,,,,0,,0,0,
2026-07-01,2026-07-21,"VAD06 Eventos Junho Circo das Cores — Cópia — Cópia",inactive,2026-06-03,Contínuo,2026-06-25,,,,0,"Usando orçamento da campanha",0,0,0,0,,,,0,,0,0,
2026-07-01,2026-07-21,"VAD03 Eventos Junho Buzz — Cópia — Cópia",inactive,2026-06-03,Contínuo,2026-06-25,,,,0,"Usando orçamento da campanha",0,0,0,0,,,,0,,0,0,
2026-07-01,2026-07-21,"video maratoninha — Cópia — Cópia",inactive,2026-06-03,Contínuo,2026-06-25,,,,0,"Usando orçamento da campanha",0,0,0,0,,,,0,,0,0,
2026-07-01,2026-07-21,"VAD02 Eventos Junho Corta Preço — Cópia — Cópia",inactive,2026-06-03,Contínuo,2026-06-25,,,,0,"Usando orçamento da campanha",0,0,0,0,,,,0,,0,0,
2026-07-01,2026-07-21,"Troca de figurinha — Cópia — Cópia",inactive,2026-06-03,Contínuo,2026-06-25,,,,0,"Usando orçamento da campanha",0,0,0,0,,,,0,,0,0,
2026-07-01,2026-07-21,"Promoção namorados — Cópia — Cópia",inactive,2026-06-03,Contínuo,2026-06-15,,,,0,"Usando orçamento da campanha",0,0,0,0,,,,0,,0,0,
2026-07-01,2026-07-21,"Achadinhos detona — Cópia — Cópia",inactive,2026-06-03,Contínuo,2026-06-12,,,,0,"Usando orçamento da campanha",0,0,0,0,,,,0,,0,0,
2026-07-01,2026-07-21,"CRSL02 Eventos Junho — Cópia — Cópia",inactive,2026-06-03,Contínuo,2026-06-25,,,,0,"Usando orçamento da campanha",0,0,0,0,,,,0,,0,0,
2026-07-01,2026-07-21,"curikids — Cópia — Cópia",inactive,2026-06-03,Contínuo,2026-06-25,,,,0,"Usando orçamento da campanha",0,0,0,0,,,,0,,0,0,
2026-07-01,2026-07-21,"maratoninha — Cópia — Cópia",inactive,2026-06-03,Contínuo,2026-06-25,,,,0,"Usando orçamento da campanha",0,0,0,0,,,,0,,0,0,
2026-07-01,2026-07-21,"VAD01 CIRCO DAS CORES — Cópia — Cópia — Cópia — Cópia",inactive,2026-06-03,Contínuo,2026-06-25,,,,0,"Usando orçamento da campanha",0,0,0,0,,,,0,,0,0,
2026-07-01,2026-07-21,"Feed circo — Cópia — Cópia",inactive,2026-06-03,Contínuo,2026-06-25,,,,0,"Usando orçamento da campanha",0,0,0,0,,,,0,,0,0,
2026-07-01,2026-07-21,"Loja artesanato — Cópia",inactive,2026-06-03,Contínuo,2026-07-07,2151,total_profile_visits,0.23581125,507.23,"Usando orçamento da campanha",0,38323,1.333012,51085,1654,3.237741,0.306669,9.929138,4,302,37,
2026-07-01,2026-07-21,"circo das cores — Cópia — Cópia",inactive,2026-06-03,Contínuo,2026-06-25,,,,0,"Usando orçamento da campanha",0,0,0,0,,,,0,,0,0,
2026-07-01,2026-07-21,"maratoninha — Cópia — Cópia",inactive,2026-06-03,Contínuo,2026-06-25,,,,0,"Usando orçamento da campanha",0,0,0,0,,,,0,,0,0,
2026-07-01,2026-07-21,"VAD06 Eventos Junho Circo das Cores — Cópia — Cópia",inactive,2026-06-03,Contínuo,2026-06-25,,,,0,"Usando orçamento da campanha",0,0,0,0,,,,0,,0,0,
2026-07-01,2026-07-21,"VAD03 Eventos Junho Buzz — Cópia — Cópia",inactive,2026-06-03,Contínuo,2026-06-25,,,,0,"Usando orçamento da campanha",0,0,0,0,,,,0,,0,0,
2026-07-01,2026-07-21,"VAD04 Eventos Junho Sorteio Cruzeiro — Cópia — Cópia",inactive,2026-06-03,Contínuo,2026-06-25,,,,0,"Usando orçamento da campanha",0,0,0,0,,,,0,,0,0,
2026-07-01,2026-07-21,"Promoção namorados — Cópia — Cópia",inactive,2026-06-03,Contínuo,2026-06-15,,,,0,"Usando orçamento da campanha",0,0,0,0,,,,0,,0,0,
2026-07-01,2026-07-21,"CRSL02 Eventos Junho — Cópia — Cópia",inactive,2026-06-03,Contínuo,2026-06-25,,,,0,"Usando orçamento da campanha",0,0,0,0,,,,0,,0,0,
2026-07-01,2026-07-21,"Feed circo — Cópia — Cópia",inactive,2026-06-03,Contínuo,2026-06-25,,,,0,"Usando orçamento da campanha",0,0,0,0,,,,0,,0,0,
2026-07-01,2026-07-21,"circo das cores — Cópia — Cópia",inactive,2026-06-03,Contínuo,2026-06-25,,,,0,"Usando orçamento da campanha",0,0,0,0,,,,0,,0,0,
2026-07-01,2026-07-21,"Achadinhos detona — Cópia — Cópia",inactive,2026-06-03,Contínuo,2026-06-25,,,,0,"Usando orçamento da campanha",0,0,0,0,,,,0,,0,0,
2026-07-01,2026-07-21,"evento troca de figurinha — Cópia — Cópia",inactive,2026-06-03,Contínuo,2026-07-01,1591,total_profile_visits,0.11642363,185.23,"Usando orçamento da campanha",0,10487,1.086965,11399,1614,14.159137,0.114765,16.249671,,1583,0,
2026-07-01,2026-07-21,"video maratoninha — Cópia — Cópia",inactive,2026-06-03,Contínuo,2026-06-25,,,,0,"Usando orçamento da campanha",0,0,0,0,,,,0,,0,0,
2026-07-01,2026-07-21,"LAD01 LIVE Corta Preço — Cópia — Cópia — Cópia — Cópia",inactive,2026-06-03,Contínuo,2026-06-05,,,,0,"Usando orçamento da campanha",0,0,0,0,,,,0,,0,0,
2026-07-01,2026-07-21,"VAD02 Eventos Junho Corta Preço — Cópia — Cópia",inactive,2026-06-03,Contínuo,2026-06-25,,,,0,"Usando orçamento da campanha",0,0,0,0,,,,0,,0,0,
2026-07-01,2026-07-21,"VAD01 CIRCO DAS CORES — Cópia — Cópia — Cópia — Cópia",inactive,2026-06-03,Contínuo,2026-06-08,,,,0,"Usando orçamento da campanha",0,0,0,0,,,,0,,0,0,
2026-07-01,2026-07-21,"Loja artesanato — Cópia",not_delivering,2026-06-03,Contínuo,2026-06-08,461,total_profile_visits,0.26507592,122.2,"Usando orçamento da campanha",0,9769,1.217013,11889,351,2.952309,0.348148,10.278409,2,36,9,
2026-07-01,2026-07-21,"CRSL05 Corta Preço",inactive,2026-06-03,Contínuo,2026-06-08,,,,0,"Usando orçamento da campanha",0,0,0,0,,,,0,,0,0,
2026-07-01,2026-07-21,"CRSL07 Corta Preço P2",inactive,2026-06-03,Contínuo,2026-06-08,,,,0,"Usando orçamento da campanha",0,0,0,0,,,,0,,0,0,
2026-07-01,2026-07-21,"AD 02 - moda masculina — Cópia",inactive,2025-10-28,Contínuo,2026-06-16,,,,0,"Usando orçamento da campanha",0,0,0,0,,,,0,,0,0,
2026-07-01,2026-07-21,"AD 02 - Suplementos — Cópia",inactive,2026-05-19,Contínuo,2026-06-16,,,,0,"Usando orçamento da campanha",0,0,0,0,,,,0,,0,0,
2026-07-01,2026-07-21,"AD 02 - Suplementos — Cópia",inactive,2026-05-19,Contínuo,2026-06-16,,,,0,"Usando orçamento da campanha",0,0,0,0,,,,0,,0,0,
2026-07-01,2026-07-21,"AD 02 - moda masculina — Cópia",inactive,2026-05-19,Contínuo,2026-06-16,,,,0,"Usando orçamento da campanha",0,0,0,0,,,,0,,0,0,
2026-07-01,2026-07-21,"AD 01 - bijuterias - joias — Cópia",inactive,2026-05-19,Contínuo,2026-06-19,,,,0,"Usando orçamento da campanha",0,0,0,0,,,,0,,0,0,
2026-07-01,2026-07-21,"AD 02 - Suplementos — Cópia",inactive,2026-05-19,Contínuo,2026-06-19,,,,0,"Usando orçamento da campanha",0,0,0,0,,,,0,,0,0,
2026-07-01,2026-07-21,"Video Inverno — Cópia",not_delivering,2026-05-20,Contínuo,2026-05-20,,,,0,"Usando orçamento da campanha",0,0,0,0,,,,0,,0,0,
2026-07-01,2026-07-21,"VAD04 Eventos Junho Sorteio Cruzeiro — Cópia — Cópia",inactive,2026-06-03,Contínuo,2026-06-25,,,,0,"Usando orçamento da campanha",0,0,0,0,,,,0,,0,0,
2026-07-01,2026-07-21,"AD02 Corta Preço — Cópia",inactive,2026-06-03,Contínuo,2026-06-08,,,,0,"Usando orçamento da campanha",0,0,0,0,,,,0,,0,0,
2026-07-01,2026-07-21,"AD02 Corta Preço — Cópia",inactive,2026-06-03,Contínuo,2026-06-08,,,,0,"Usando orçamento da campanha",0,0,0,0,,,,0,,0,0,
2026-07-01,2026-07-21,"AD06 13/06 Brasil x Marrocos — Cópia — Cópia",inactive,2026-06-03,Contínuo,2026-06-15,,,,0,"Usando orçamento da campanha",0,0,0,0,,,,0,,0,0,
2026-07-01,2026-07-21,"LAD01 LIVE Corta Preço — Cópia — Cópia — Cópia — Cópia",inactive,2026-06-03,Contínuo,2026-06-05,,,,0,"Usando orçamento da campanha",0,0,0,0,,,,0,,0,0,
2026-07-01,2026-07-21,"AD02 Corta Preço — Cópia",inactive,2026-06-03,Contínuo,2026-06-08,,,,0,"Usando orçamento da campanha",0,0,0,0,,,,0,,0,0,
2026-07-01,2026-07-21,"AD04 Happy Hour Dia dos Namorados — Cópia — Cópia",inactive,2026-06-03,Contínuo,2026-06-15,,,,0,"Usando orçamento da campanha",0,0,0,0,,,,0,,0,0,
2026-07-01,2026-07-21,"AD05 Happy Hour Dia dos Namorados — Cópia — Cópia",inactive,2026-06-03,Contínuo,2026-06-15,,,,0,"Usando orçamento da campanha",0,0,0,0,,,,0,,0,0,
2026-07-01,2026-07-21,"AD02 Corta Preço — Cópia",inactive,2026-06-03,Contínuo,2026-06-08,,,,0,"Usando orçamento da campanha",0,0,0,0,,,,0,,0,0,
2026-07-01,2026-07-21,"CRSL06 Corta Preço P1",inactive,2026-06-03,Contínuo,2026-06-08,,,,0,"Usando orçamento da campanha",0,0,0,0,,,,0,,0,0,
2026-07-01,2026-07-21,"CRSL05 Corta Preço — Cópia",inactive,2026-06-03,Contínuo,2026-06-08,,,,0,"Usando orçamento da campanha",0,0,0,0,,,,0,,0,0,
2026-07-01,2026-07-21,"CRSL05 Corta Preço — Cópia",inactive,2026-06-03,Contínuo,2026-06-08,,,,0,"Usando orçamento da campanha",0,0,0,0,,,,0,,0,0,
2026-07-01,2026-07-21,"CRSL05 Corta Preço — Cópia",inactive,2026-06-03,Contínuo,2026-06-08,,,,0,"Usando orçamento da campanha",0,0,0,0,,,,0,,0,0,
2026-07-01,2026-07-21,"CRSL06 Corta Preço P1 — Cópia",inactive,2026-06-03,Contínuo,2026-06-08,,,,0,"Usando orçamento da campanha",0,0,0,0,,,,0,,0,0,
2026-07-01,2026-07-21,"CRSL06 Corta Preço P1 — Cópia",inactive,2026-06-03,Contínuo,2026-06-08,,,,0,"Usando orçamento da campanha",0,0,0,0,,,,0,,0,0,
2026-07-01,2026-07-21,"CRSL06 Corta Preço P1 — Cópia",inactive,2026-06-03,Contínuo,2026-06-08,,,,0,"Usando orçamento da campanha",0,0,0,0,,,,0,,0,0,
2026-07-01,2026-07-21,"Post do Instagram: ✨ Seu projeto dos sonhos...",not_delivering,2026-06-05,2026-07-07,2026-06-05,60,profile_visit_view,0.61183333,36.71,"Usando orçamento da campanha",0,6572,1.184267,7783,58,0.745214,0.632931,4.71669,,60,1,
2026-07-01,2026-07-21,"Post do Instagram: Se você ja está na contagem...",not_delivering,2026-06-05,2026-06-15,2026-06-05,,,,0,"Usando orçamento da campanha",0,0,0,0,,,,0,,0,0,
2026-07-01,2026-07-21,"AD 02 - moda masculina — Cópia",inactive,2026-05-19,Contínuo,2026-06-16,,,,0,"Usando orçamento da campanha",0,0,0,0,,,,0,,0,0,
2026-07-01,2026-07-21,"AD06 13/06 Brasil x Marrocos — Cópia — Cópia",inactive,2026-06-03,Contínuo,2026-06-15,,,,0,"Usando orçamento da campanha",0,0,0,0,,,,0,,0,0,
2026-07-01,2026-07-21,"VAD02 Eventos Junho Corta Preço — Cópia — Cópia",inactive,2026-06-03,Contínuo,2026-06-25,,,,0,"Usando orçamento da campanha",0,0,0,0,,,,0,,0,0,
2026-07-01,2026-07-21,"Troca de figurinha — Cópia — Cópia",inactive,2026-06-03,Contínuo,2026-06-25,,,,0,"Usando orçamento da campanha",0,0,0,0,,,,0,,0,0,
2026-07-01,2026-07-21,"circo das cores — Cópia — Cópia",inactive,2026-06-03,Contínuo,2026-06-25,,,,0,"Usando orçamento da campanha",0,0,0,0,,,,0,,0,0,
2026-07-01,2026-07-21,"video maratoninha — Cópia — Cópia",inactive,2026-06-03,Contínuo,2026-06-25,,,,0,"Usando orçamento da campanha",0,0,0,0,,,,0,,0,0,
2026-07-01,2026-07-21,"AD04 Happy Hour Dia dos Namorados — Cópia — Cópia",inactive,2026-06-03,Contínuo,2026-06-15,,,,0,"Usando orçamento da campanha",0,0,0,0,,,,0,,0,0,
2026-07-01,2026-07-21,"Troca de figurinha — Cópia — Cópia",inactive,2026-06-03,Contínuo,2026-06-25,,,,0,"Usando orçamento da campanha",0,0,0,0,,,,0,,0,0,
2026-07-01,2026-07-21,"CRSL02 Eventos Junho — Cópia — Cópia",inactive,2026-06-03,Contínuo,2026-06-25,,,,0,"Usando orçamento da campanha",0,0,0,0,,,,0,,0,0,
2026-07-01,2026-07-21,"maratoninha — Cópia — Cópia",inactive,2026-06-03,Contínuo,2026-06-25,,,,0,"Usando orçamento da campanha",0,0,0,0,,,,0,,0,0,
2026-07-01,2026-07-21,"Achadinhos detona — Cópia — Cópia",inactive,2026-06-03,Contínuo,2026-06-12,,,,0,"Usando orçamento da campanha",0,0,0,0,,,,0,,0,0,
2026-07-01,2026-07-21,"AD04 Happy Hour Dia dos Namorados — Cópia — Cópia",inactive,2026-06-03,Contínuo,2026-06-15,,,,0,"Usando orçamento da campanha",0,0,0,0,,,,0,,0,0,
2026-07-01,2026-07-21,"AD08 Festival de Inverno P2",inactive,2026-06-03,Contínuo,2026-06-25,,,,0,"Usando orçamento da campanha",0,0,0,0,,,,0,,0,0,
2026-07-01,2026-07-21,"Happy hour — Cópia",inactive,2026-06-03,Contínuo,2026-07-07,12,total_profile_visits,0.43666667,5.24,"Usando orçamento da campanha",0,368,1.046196,385,10,2.597403,0.524,13.61039,,5,0,
2026-07-01,2026-07-21,"VAD05 Eventos Junho Maratoninha — Cópia — Cópia",inactive,2026-06-03,Contínuo,2026-06-25,,,,0,"Usando orçamento da campanha",0,0,0,0,,,,0,,0,0,
2026-07-01,2026-07-21,"AD06 13/06 Brasil x Marrocos — Cópia — Cópia",inactive,2026-06-03,Contínuo,2026-06-15,,,,0,"Usando orçamento da campanha",0,0,0,0,,,,0,,0,0,
2026-07-01,2026-07-21,"Troca de figurinha — Cópia — Cópia",inactive,2026-06-03,Contínuo,2026-06-25,,,,0,"Usando orçamento da campanha",0,0,0,0,,,,0,,0,0,
2026-07-01,2026-07-21,"curikids — Cópia — Cópia",inactive,2026-06-03,Contínuo,2026-06-25,,,,0,"Usando orçamento da campanha",0,0,0,0,,,,0,,0,0,
2026-07-01,2026-07-21,"Happy hour — Cópia",not_delivering,2026-06-03,Contínuo,2026-06-08,27,total_profile_visits,0.28777778,7.77,"Usando orçamento da campanha",0,642,1.102804,708,20,2.824859,0.3885,10.974576,,16,2,
2026-07-01,2026-07-21,"Post do Instagram: Dia dos namorados chegando e...",inactive,2026-06-10,2026-06-12,2026-06-15,,,,0,"Usando orçamento da campanha",0,0,0,0,,,,0,,0,0,
2026-07-01,2026-07-21,"Post do Instagram: Chegou Mercadão dos Celulares...",not_delivering,2026-06-10,2026-07-10,2026-06-10,346,profile_visit_view,0.18763006,64.92,"Usando orçamento da campanha",0,5671,1.18815,6738,350,5.19442,0.185486,9.634907,1,346,42,
2026-07-01,2026-07-21,"Post do Instagram: Mais que assistir, aqui você...",not_delivering,2026-06-10,2026-06-23,2026-06-19,,,,0,"Usando orçamento da campanha",0,0,0,0,,,,0,,0,0,
2026-07-01,2026-07-21,"AD08 Festival de Inverno",inactive,2026-06-03,Contínuo,2026-06-12,,,,0,"Usando orçamento da campanha",0,0,0,0,,,,0,,0,0,
2026-07-01,2026-07-21,"AD08 Festival de Inverno — Cópia",inactive,2026-06-03,Contínuo,2026-06-12,,,,0,"Usando orçamento da campanha",0,0,0,0,,,,0,,0,0,
2026-07-01,2026-07-21,"AD08 Festival de Inverno — Cópia",inactive,2026-06-03,Contínuo,2026-06-12,,,,0,"Usando orçamento da campanha",0,0,0,0,,,,0,,0,0,
2026-07-01,2026-07-21,"AD08 Festival de Inverno — Cópia",inactive,2026-06-03,Contínuo,2026-06-12,,,,0,"Usando orçamento da campanha",0,0,0,0,,,,0,,0,0,
2026-07-01,2026-07-21,"AD08 Festival de Inverno P3",inactive,2026-06-03,Contínuo,2026-06-25,,,,0,"Usando orçamento da campanha",0,0,0,0,,,,0,,0,0,
2026-07-01,2026-07-21,"AD08 Festival de Inverno P4",inactive,2026-06-03,Contínuo,2026-06-25,,,,0,"Usando orçamento da campanha",0,0,0,0,,,,0,,0,0,
2026-07-01,2026-07-21,"AD08 Festival de Inverno P5",inactive,2026-06-03,Contínuo,2026-06-25,,,,0,"Usando orçamento da campanha",0,0,0,0,,,,0,,0,0,
2026-07-01,2026-07-21,"AD08 Festival de Inverno P5 — Cópia",inactive,2026-06-03,Contínuo,2026-06-25,,,,0,"Usando orçamento da campanha",0,0,0,0,,,,0,,0,0,
2026-07-01,2026-07-21,"AD08 Festival de Inverno P4 — Cópia",inactive,2026-06-03,Contínuo,2026-06-25,,,,0,"Usando orçamento da campanha",0,0,0,0,,,,0,,0,0,
2026-07-01,2026-07-21,"AD08 Festival de Inverno P2 — Cópia",inactive,2026-06-03,Contínuo,2026-07-01,,,,0.13,"Usando orçamento da campanha",0,20,1,20,,,,6.5,,0,0,
2026-07-01,2026-07-21,"AD08 Festival de Inverno P3 — Cópia",inactive,2026-06-03,Contínuo,2026-06-25,,,,0,"Usando orçamento da campanha",0,0,0,0,,,,0,,0,0,
2026-07-01,2026-07-21,"AD08 Festival de Inverno P2 — Cópia",inactive,2026-06-03,Contínuo,2026-06-25,,,,0,"Usando orçamento da campanha",0,0,0,0,,,,0,,0,0,
2026-07-01,2026-07-21,"AD08 Festival de Inverno P5 — Cópia",inactive,2026-06-03,Contínuo,2026-07-01,65,total_profile_visits,0.09292308,6.04,"Usando orçamento da campanha",0,1709,1.050907,1796,44,2.449889,0.137273,3.363029,,7,0,
2026-07-01,2026-07-21,"AD08 Festival de Inverno P4 — Cópia",inactive,2026-06-03,Contínuo,2026-07-01,15,total_profile_visits,0.20333333,3.05,"Usando orçamento da campanha",0,662,1.013595,671,12,1.788376,0.254167,4.545455,,3,0,
2026-07-01,2026-07-21,"AD08 Festival de Inverno P3 — Cópia",inactive,2026-06-03,Contínuo,2026-07-01,3,total_profile_visits,0.16333333,0.49,"Usando orçamento da campanha",0,153,1.026144,157,2,1.273885,0.245,3.121019,,0,0,
2026-07-01,2026-07-21,"AD08 Festival de Inverno P5 — Cópia",inactive,2026-06-03,Contínuo,2026-06-25,,,,0,"Usando orçamento da campanha",0,0,0,0,,,,0,,0,0,
2026-07-01,2026-07-21,"AD08 Festival de Inverno P2 — Cópia",inactive,2026-06-03,Contínuo,2026-06-25,,,,0,"Usando orçamento da campanha",0,0,0,0,,,,0,,0,0,
2026-07-01,2026-07-21,"AD08 Festival de Inverno P4 — Cópia",inactive,2026-06-03,Contínuo,2026-06-25,,,,0,"Usando orçamento da campanha",0,0,0,0,,,,0,,0,0,
2026-07-01,2026-07-21,"AD08 Festival de Inverno P3 — Cópia",inactive,2026-06-03,Contínuo,2026-06-25,,,,0,"Usando orçamento da campanha",0,0,0,0,,,,0,,0,0,
2026-07-01,2026-07-21,"Post do Instagram: O Festival de Inverno chegou...",not_delivering,2026-06-11,2026-06-16,2026-06-11,,,,0,"Usando orçamento da campanha",0,0,0,0,,,,0,,0,0,
2026-07-01,2026-07-21,"AD10 Arraia",inactive,2026-06-03,Contínuo,2026-07-01,8,total_profile_visits,0.175,1.4,"Usando orçamento da campanha",0,273,1,273,7,2.564103,0.2,5.128205,,6,0,
2026-07-01,2026-07-21,"AD10 Arraia — Cópia",inactive,2026-06-03,Contínuo,2026-07-01,,,,0,"Usando orçamento da campanha",0,0,0,0,,,,0,,0,0,
2026-07-01,2026-07-21,"AD10 Arraia — Cópia",inactive,2026-06-03,Contínuo,2026-07-01,,,,0,"Usando orçamento da campanha",0,0,0,0,,,,0,,0,0,
2026-07-01,2026-07-21,"AD10 Arraia — Cópia",inactive,2026-06-03,Contínuo,2026-07-01,1,total_profile_visits,0.22,0.22,"Usando orçamento da campanha",0,31,1.032258,32,1,3.125,0.22,6.875,,1,0,
2026-07-01,2026-07-21,"Post do Instagram: Esta faltando figurinha aí? 👀...",not_delivering,2026-06-12,2026-06-13,2026-06-12,,,,0,"Usando orçamento da campanha",0,0,0,0,,,,0,,0,0,
2026-07-01,2026-07-21,"AD01 Maratoninha Complete sua Medalha",not_delivering,2026-03-11,Contínuo,2026-06-12,,,,0,"Usando orçamento da campanha",0,0,0,0,,,,0,,0,0,
2026-07-01,2026-07-21,"AD01 Maratoninha Complete sua Medalha — Cópia",not_delivering,2026-03-11,Contínuo,2026-06-12,,,,0,"Usando orçamento da campanha",0,0,0,0,,,,0,,0,0,
2026-07-01,2026-07-21,"AD01 Maratoninha Complete sua Medalha — Cópia",not_delivering,2026-05-20,Contínuo,2026-06-12,,,,0,"Usando orçamento da campanha",0,0,0,0,,,,0,,0,0,
2026-07-01,2026-07-21,"AD 01 - Amarelo - suplementos — Cópia",inactive,2025-10-28,Contínuo,2026-06-16,,,,0,"Usando orçamento da campanha",0,0,0,0,,,,0,,0,0,
2026-07-01,2026-07-21,"AD01 Maratoninha Complete sua Medalha — Cópia",not_delivering,2026-05-20,Contínuo,2026-06-12,,,,0,"Usando orçamento da campanha",0,0,0,0,,,,0,,0,0,
2026-07-01,2026-07-21,"Post do Instagram: ✨ Beleza, autoestima e cuidado...",not_delivering,2026-06-15,2026-07-15,2026-06-15,252,profile_visit_view,0.56642857,142.74,"Usando orçamento da campanha",0,9436,1.262823,11916,265,2.223901,0.538642,11.978852,5,252,19,
2026-07-01,2026-07-21,"Post do Instagram: Vem aí o Arraiá do Cidade! 🤠🌽...",not_delivering,2026-06-16,2026-06-27,2026-06-19,,,,0,"Usando orçamento da campanha",0,0,0,0,,,,0,,0,0,
2026-07-01,2026-07-21,"Post do Instagram: A Sol Kids chegou para...",not_delivering,2026-06-16,2026-07-16,2026-06-16,220,profile_visit_view,0.48781818,107.32,"Usando orçamento da campanha",0,4644,1.309432,6081,219,3.601381,0.490046,17.648413,1,220,32,
2026-07-01,2026-07-21,"Post do Instagram: O Festival de Inverno está...",not_delivering,2026-06-18,2026-06-24,2026-06-18,,,,0,"Usando orçamento da campanha",0,0,0,0,,,,0,,0,0,
2026-07-01,2026-07-21,"Post do Instagram: Atenção, colecionadores 🎮✨

A...",not_delivering,2026-06-18,2026-06-21,2026-06-18,,,,0,"Usando orçamento da campanha",0,0,0,0,,,,0,,0,0,
2026-07-01,2026-07-21,"Post do Instagram: São os últimos dias do Circo...",not_delivering,2026-06-19,2026-06-28,2026-06-19,,,,0,"Usando orçamento da campanha",0,0,0,0,,,,0,,0,0,
2026-07-01,2026-07-21,"Post do Instagram: Descontos Imperdíveis? Temos!🔥...",not_delivering,2026-06-19,2026-06-24,2026-06-19,,,,0,"Usando orçamento da campanha",0,0,0,0,,,,0,,0,0,
2026-07-01,2026-07-21,"CRSL 01 Festival de Inverno",not_delivering,2026-06-25,2026-06-30,2026-06-26,,,,0,"Usando orçamento da campanha",0,0,0,0,,,,0,,0,0,
2026-07-01,2026-07-21,"Post do Instagram: Chegou a De Meninas no seu...",active,2026-06-24,2026-07-23,2026-06-24,493,profile_visit_view,0.40673428,200.52,"Usando orçamento da campanha",0,8824,1.377607,12156,501,4.121422,0.40024,16.495558,2,493,81,
2026-07-01,2026-07-21,"Post do Instagram: Compre e concorra a um Iphone...",active,2026-06-24,2026-07-24,2026-06-24,238,profile_visit_view,0.82672269,196.76,"Usando orçamento da campanha",0,19527,1.387054,27085,231,0.852871,0.851775,7.264538,,238,15,
2026-07-01,2026-07-21,"CRSL 02 Festival de Inverno",not_delivering,2026-06-25,2026-06-30,2026-06-26,,,,0,"Usando orçamento da campanha",0,0,0,0,,,,0,,0,0,
2026-07-01,2026-07-21,"CRSL 03 Festival de Inverno",not_delivering,2026-06-25,2026-06-30,2026-06-25,,,,0,"Usando orçamento da campanha",0,0,0,0,,,,0,,0,0,
2026-07-01,2026-07-21,"CRSL 04 Festival de Inverno",not_delivering,2026-06-25,2026-06-30,2026-06-25,,,,0,"Usando orçamento da campanha",0,0,0,0,,,,0,,0,0,
2026-07-01,2026-07-21,"Post do Instagram: Começou o Arraiá do Cidade! 🪅...",not_delivering,2026-06-25,2026-06-28,2026-06-25,,,,0,"Usando orçamento da campanha",0,0,0,0,,,,0,,0,0,
2026-07-01,2026-07-21,"Post do Instagram: Vai ter emoção em campo e no...",not_delivering,2026-06-26,2026-06-29,2026-06-29,,,,0,"Usando orçamento da campanha",0,0,0,0,,,,0,,0,0,
2026-07-01,2026-07-21,"Post do Instagram: A moda que une tendência,...",active,2026-06-30,2026-07-30,2026-06-30,506,profile_visit_view,0.36567194,185.03,"Usando orçamento da campanha",0,7020,1.405698,9868,542,5.492501,0.341384,18.750507,2,506,52,
2026-07-01,2026-07-21,"CRSL01 - 01-07/07 Operação Férias",inactive,2026-07-01,Contínuo,2026-07-08,719,profile_visit_view,0.21937413,157.73,70,Diário,24303,1.564251,38016,732,1.925505,0.215478,4.149043,1,719,11,
2026-07-01,2026-07-21,"CRSL02 - 01-07/07 Operação Férias",inactive,2026-07-01,Contínuo,2026-07-08,468,profile_visit_view,0.19709402,92.24,70,Diário,15469,1.741677,26942,463,1.718506,0.199222,3.423651,,468,0,
2026-07-01,2026-07-21,"CRSL03 - 01-07/07 Operação Férias",inactive,2026-07-01,Contínuo,2026-07-08,2043,profile_visit_view,0.18823789,384.57,70,Diário,53243,2.392014,127358,2105,1.652821,0.182694,3.019598,2,2043,9,
2026-07-01,2026-07-21,"CRSL04 - 01-07/07 Operação Férias",inactive,2026-07-01,Contínuo,2026-07-08,119,profile_visit_view,0.23831933,28.36,70,Diário,6158,1.179929,7266,125,1.720341,0.22688,3.90311,,119,7,
2026-07-01,2026-07-21,"CRSL04 - 01-07/07 Operação Férias",inactive,2026-07-01,Contínuo,2026-07-08,406,profile_visit_view,0.2191133,88.96,50,Diário,9907,1.952862,19347,400,2.067504,0.2224,4.598129,,406,7,
2026-07-01,2026-07-21,"CRSL02 - 01-07/07 Operação Férias",inactive,2026-07-01,Contínuo,2026-07-08,117,profile_visit_view,0.19119658,22.37,50,Diário,3266,1.578996,5157,120,2.326934,0.186417,4.337793,,117,0,
2026-07-01,2026-07-21,"CRSL03 - 01-07/07 Operação Férias",inactive,2026-07-01,Contínuo,2026-07-08,1081,profile_visit_view,0.20752081,224.33,50,Diário,16861,3.069332,51752,1090,2.106199,0.205807,4.334712,1,1081,9,
2026-07-01,2026-07-21,"AD01 Institucional",inactive,2026-06-16,Contínuo,2026-07-15,67703,reach,1.17336012,79.44,"Usando orçamento da campanha",0,67703,1.063084,71974,73,0.101426,1.088219,1.103732,,6,0,
2026-07-01,2026-07-21,"CRSL01 - 01-07/07 Operação Férias",inactive,2026-07-01,Contínuo,2026-07-08,921,profile_visit_view,0.21494028,197.96,50,Diário,15802,2.401152,37943,936,2.466858,0.211496,5.2173,2,921,12,
2026-07-01,2026-07-21,"Post do Instagram: A Operação Férias começou no...",not_delivering,2026-07-01,2026-07-07,2026-07-01,78,profile_visit_view,0.53474359,41.71,"Usando orçamento da campanha",0,5811,1.152469,6697,72,1.075108,0.579306,6.228162,,78,2,
2026-07-01,2026-07-21,"Post do Instagram: 🍌💛 Eles estão chegando!

Nos...",not_delivering,2026-07-01,2026-07-04,2026-07-01,125,profile_visit_view,0.1668,20.85,"Usando orçamento da campanha",0,4310,1.136659,4899,125,2.551541,0.1668,4.255971,,125,4,
2026-07-01,2026-07-21,"VD01 Happy Hour",active,2026-07-03,Contínuo,2026-07-07,1712,total_profile_visits,0.33205023,568.47,110,Diário,91474,1.454009,133004,1584,1.190942,0.358883,4.274082,5,1654,61,
2026-07-01,2026-07-21,"VD01 Happy Hour",active,2026-07-03,Contínuo,2026-07-03,1646,total_profile_visits,0.33527947,551.87,133,Diário,70482,1.589895,112059,1518,1.354644,0.363551,4.924816,3,1558,19,
2026-07-01,2026-07-21,"Post do Instagram: ✨ As férias ficam ainda...",not_delivering,2026-07-03,2026-07-20,2026-07-03,160,profile_visit_view,0.6341875,101.47,"Usando orçamento da campanha",0,6119,1.246936,7630,151,1.97903,0.671987,13.29882,,160,15,
2026-07-01,2026-07-21,"VD02 Circo das Diversões",active,2026-07-03,Contínuo,2026-07-07,1159,total_profile_visits,0.2893874,335.4,110,Diário,38215,1.457491,55698,1011,1.815146,0.331751,6.02176,7,1090,118,
2026-07-01,2026-07-21,"VD02 Circo das Diversões",active,2026-07-03,Contínuo,2026-07-07,21,total_profile_visits,0.35285714,7.41,133,Diário,1066,1,1066,18,1.688555,0.411667,6.95122,,21,2,
2026-07-01,2026-07-21,"AD01 Circo das Diversões",active,2026-07-03,Contínuo,2026-07-07,11706,total_profile_visits,0.15548949,1820.16,133,Diário,27769,3.048975,84667,11816,13.955851,0.154042,21.497868,1,11636,12,
2026-07-01,2026-07-21,"AD01 Circo das Diversões",active,2026-07-03,Contínuo,2026-07-07,4927,total_profile_visits,0.22105947,1089.16,110,Diário,114696,1.79784,206205,3861,1.872409,0.282093,5.281928,34,2639,123,
2026-07-01,2026-07-21,"Post do Instagram: Férias com criatividade no...",archived,2026-07-07,2026-07-11,2026-07-10,419,actions:link_click,0.15933174,66.76,"Usando orçamento da campanha",0,13265,1.176856,15611,419,2.684005,0.159332,4.276472,121,35,0,
2026-07-01,2026-07-21,"CRSL05 Semana 2 - 08-14/07 Operação Férias",inactive,2026-07-01,Contínuo,2026-07-10,103,profile_visit_view,0.2361165,24.32,50,Diário,3214,1.283759,4126,110,2.66602,0.221091,5.894329,,103,2,
2026-07-01,2026-07-21,"CRSL07 Semana 2 - 08-14/07 Operação Férias",inactive,2026-07-01,Contínuo,2026-07-15,736,profile_visit_view,0.21254076,156.43,50,Diário,14497,1.908464,27667,743,2.68551,0.210538,5.654028,3,736,10,
2026-07-01,2026-07-21,"CRSL06 Semana 2 - 08-14/07 Operação Férias",inactive,2026-07-01,Contínuo,2026-07-15,1631,profile_visit_view,0.20297364,331.05,50,Diário,26671,2.365416,63088,1659,2.62966,0.199548,5.247432,,1631,35,
2026-07-01,2026-07-21,"CRSL07 Semana 2 - 08-14/07 Operação Férias — Cópia",inactive,2026-07-01,Contínuo,2026-07-10,138,profile_visit_view,0.24782609,34.2,70,Diário,7350,1.150068,8453,137,1.620726,0.249635,4.045901,,138,0,
2026-07-01,2026-07-21,"CRSL06 Semana 2 - 08-14/07 Operação Férias — Cópia",inactive,2026-07-01,Contínuo,2026-07-15,2165,profile_visit_view,0.22230947,481.3,70,Diário,64605,1.783469,115221,2246,1.949297,0.214292,4.17719,3,2165,55,
2026-07-01,2026-07-21,"CRSL05 Semana 2 - 08-14/07 Operação Férias — Cópia",inactive,2026-07-01,Contínuo,2026-07-15,696,profile_visit_view,0.21458333,149.35,70,Diário,22827,1.532177,34975,770,2.201573,0.193961,4.270193,1,696,6,
2026-07-01,2026-07-21,"VD03 Kinder Park",active,2026-07-03,Contínuo,2026-07-10,1204,total_profile_visits,0.32163621,387.25,110,Diário,36181,1.592023,57601,993,1.723928,0.38998,6.722974,16,1202,125,
2026-07-01,2026-07-21,"VD03 Kinder Park",active,2026-07-03,Contínuo,2026-07-10,32,total_profile_visits,0.3484375,11.15,133,Diário,1586,1.042875,1654,26,1.571947,0.428846,6.741233,1,32,2,
2026-07-01,2026-07-21,"Post do Instagram: Férias com criatividade no...",not_delivering,2026-07-10,2026-07-11,2026-07-10,540,actions:link_click,0.27731481,149.75,"Usando orçamento da campanha",0,29856,1.230238,36730,540,1.470188,0.277315,4.077049,164,24,1,
2026-07-01,2026-07-21,"VDO1 Operação Férias",inactive,2026-07-01,Contínuo,2026-07-15,170,profile_visit_view,0.24935294,42.39,50,Diário,4740,1.328481,6297,135,2.143878,0.314,6.731777,,170,5,
2026-07-01,2026-07-21,"VDO1 Operação Férias",inactive,2026-07-01,Contínuo,2026-07-15,98,profile_visit_view,0.31438776,30.81,70,Diário,4206,1.159058,4875,90,1.846154,0.342333,6.32,1,98,3,
2026-07-01,2026-07-21,"Post do Instagram: ✨ A Feira de Artesanato está...",not_delivering,2026-07-13,2026-07-15,2026-07-13,375,profile_visit_view,0.26653333,99.95,"Usando orçamento da campanha",0,7361,1.468822,10812,391,3.616352,0.255627,9.244358,1,375,43,
2026-07-01,2026-07-21,"AD02 Estacionamento Grátis Segundas",active,2026-06-16,Contínuo,2026-07-13,136913,reach,1.08711371,148.84,"Usando orçamento da campanha",0,136913,1.022511,139995,167,0.11929,0.891257,1.063181,,104,0,
2026-07-01,2026-07-21,"AD Loja Pronta",inactive,2025-10-28,Contínuo,2026-06-19,,,,0,"Usando orçamento da campanha",0,0,0,0,,,,0,,0,0,
2026-07-01,2026-07-21,"AD 02",inactive,2025-10-28,Contínuo,2026-07-01,,,,0,"Usando orçamento da campanha",0,0,0,0,,,,0,,0,0,
2026-07-01,2026-07-21,"AD Video 1 Ana Vaz — Cópia — Cópia",inactive,2026-05-19,Contínuo,2026-06-16,,,,0,"Usando orçamento da campanha",0,0,0,0,,,,0,,0,0,
2026-07-01,2026-07-21,"AD Video 1 Ana Vaz — Cópia — Cópia",inactive,2026-05-19,Contínuo,2026-06-16,,,,0,"Usando orçamento da campanha",0,0,0,0,,,,0,,0,0,
2026-07-01,2026-07-21,"AD 02",inactive,2026-05-19,Contínuo,2026-06-19,,,,0,"Usando orçamento da campanha",0,0,0,0,,,,0,,0,0,
2026-07-01,2026-07-21,"AD Video 1 Ana Vaz — Cópia — Cópia",inactive,2026-05-19,Contínuo,2026-06-19,,,,0,"Usando orçamento da campanha",0,0,0,0,,,,0,,0,0,
2026-07-01,2026-07-21,"AD Loja Pronta",inactive,2026-05-19,Contínuo,2026-06-19,,,,0,"Usando orçamento da campanha",0,0,0,0,,,,0,,0,0,
2026-07-01,2026-07-21,"AD 02",inactive,2026-05-19,Contínuo,2026-06-19,,,,0,"Usando orçamento da campanha",0,0,0,0,,,,0,,0,0,
2026-07-01,2026-07-21,"AD Loja Pronta",inactive,2026-05-19,Contínuo,2026-07-20,,,,5.01,"Usando orçamento da campanha",0,99,1.141414,113,3,2.654867,1.67,44.336283,,1,0,
2026-07-01,2026-07-21,"AD 02",active,2026-05-19,Contínuo,2026-05-19,111,actions:leadgen.other,32.35792793,3591.73,"Usando orçamento da campanha",0,64067,2.899012,185731,1338,0.720397,2.684402,19.338344,3,282,14,
2026-07-01,2026-07-21,"AD05 Happy Hour Dia dos Namorados — Cópia",archived,2026-04-01,Contínuo,2026-07-06,,,,0,"Usando orçamento da campanha",0,0,0,0,,,,0,,0,0,
2026-07-01,2026-07-21,"AD05 Happy Hour Dia dos Namorados — Cópia",archived,2026-04-01,Contínuo,2026-07-06,,,,0,"Usando orçamento da campanha",0,0,0,0,,,,0,,0,0,
2026-07-01,2026-07-21,"AD06 13/06 Brasil x Marrocos — Cópia",archived,2026-04-01,Contínuo,2026-07-06,,,,0,"Usando orçamento da campanha",0,0,0,0,,,,0,,0,0,
2026-07-01,2026-07-21,"AD06 13/06 Brasil x Marrocos — Cópia",archived,2026-04-01,Contínuo,2026-07-06,,,,0,"Usando orçamento da campanha",0,0,0,0,,,,0,,0,0,
2026-07-01,2026-07-21,"AD06 13/06 Brasil x Marrocos",archived,2026-03-04,Contínuo,2026-07-06,,,,0,"Usando orçamento da campanha",0,0,0,0,,,,0,,0,0,
2026-07-01,2026-07-21,"Post do Instagram: Férias com muita diversão e...",not_delivering,2026-07-14,2026-07-17,2026-07-14,1223,actions:link_click,0.19623876,240,"Usando orçamento da campanha",0,39544,1.62409,64223,1223,1.904302,0.196239,3.736979,576,192,8,
2026-07-01,2026-07-21,"CRSL08 Semana 3 - 15-22/07 Operação Férias",active,2026-07-01,Contínuo,2026-07-15,608,profile_visit_view,0.2203125,133.95,70,Diário,21314,1.344375,28654,648,2.261464,0.206713,4.67474,2,608,14,
2026-07-01,2026-07-21,"CRSL09 Semana 3 - 15-22/07 Operação Férias",active,2026-07-01,Contínuo,2026-07-15,1650,profile_visit_view,0.23093333,381.04,70,Diário,57204,1.728655,98886,1715,1.73432,0.222181,3.853326,,1650,24,
2026-07-01,2026-07-21,"CRSL10 Semana 3 - 15-22/07 Operação Férias",active,2026-07-01,Contínuo,2026-07-15,329,profile_visit_view,0.22358663,73.56,70,Diário,13930,1.298062,18082,341,1.885853,0.215718,4.068134,,329,2,
2026-07-01,2026-07-21,"CRSL09 Semana 3 - 15-22/07 Operação Férias",active,2026-07-01,Contínuo,2026-07-15,1016,profile_visit_view,0.22277559,226.34,50,Diário,21218,2.218965,47082,1014,2.153689,0.223215,4.807357,4,1016,12,
2026-07-01,2026-07-21,"CRSL10 Semana 3 - 15-22/07 Operação Férias",active,2026-07-01,Contínuo,2026-07-15,470,profile_visit_view,0.20419149,95.97,50,Diário,10262,1.722958,17681,479,2.709123,0.200355,5.42786,1,470,6,
2026-07-01,2026-07-21,"CRSL08 Semana 3 - 15-22/07 Operação Férias",active,2026-07-01,Contínuo,2026-07-15,685,profile_visit_view,0.2100292,143.87,50,Diário,14766,1.75789,25957,718,2.766113,0.200376,5.542628,1,685,9,
2026-07-01,2026-07-21,"AD03 Tudo num só lugar",active,2026-06-16,Contínuo,2026-07-17,7633,reach,1.27734836,9.75,"Usando orçamento da campanha",0,7633,1.034718,7898,5,0.063307,1.95,1.23449,,3,0,
2026-07-01,2026-07-21,"AD04 V2 Lugar onde sempre acontece",active,2026-06-16,Contínuo,2026-07-17,86187,reach,1.38327126,119.22,"Usando orçamento da campanha",0,86187,1.092183,94132,70,0.074364,1.703143,1.266519,,32,0,
2026-07-01,2026-07-21,"AD04 V1 Lugar onde sempre acontece",active,2026-06-16,Contínuo,2026-07-17,2715,reach,1.2854512,3.49,"Usando orçamento da campanha",0,2715,1,2715,3,0.110497,1.163333,1.285451,,5,0,
2026-07-01,2026-07-21,"AD 01- [Vídeo Data] Corta Preço",inactive,2025-01-07,Contínuo,2026-06-12,,,,0,"Usando orçamento da campanha",0,0,0,0,,,,0,,0,0,
2026-07-01,2026-07-21,"AD 01- [estático] Corta Preço — Cópia",inactive,2025-01-07,Contínuo,2026-06-12,,,,0,"Usando orçamento da campanha",0,0,0,0,,,,0,,0,0,
2026-07-01,2026-07-21,"AD 02 [IMG] [Corta Preço]",inactive,2025-01-07,Contínuo,2026-06-12,,,,0,"Usando orçamento da campanha",0,0,0,0,,,,0,,0,0,
2026-07-01,2026-07-21,"AD 01- [Vídeo Data] Corta Preço — Cópia",inactive,2025-01-07,Contínuo,2026-06-12,,,,0,"Usando orçamento da campanha",0,0,0,0,,,,0,,0,0,
2026-07-01,2026-07-21,"AD 02",inactive,2026-05-19,Contínuo,2026-06-16,,,,0,"Usando orçamento da campanha",0,0,0,0,,,,0,,0,0,
2026-07-01,2026-07-21,"AD 01 - bijuterias - joias — Cópia",inactive,2026-05-19,Contínuo,2026-06-03,,,,0,"Usando orçamento da campanha",0,0,0,0,,,,0,,0,0,
2026-07-01,2026-07-21,"AD06 Hadassa",not_delivering,2026-05-27,Contínuo,2026-05-27,,,,0,"Usando orçamento da campanha",0,0,0,0,,,,0,,0,0,
2026-07-01,2026-07-21,"AD23 Condessita",not_delivering,2026-05-27,Contínuo,2026-05-27,,,,0,"Usando orçamento da campanha",0,0,0,0,,,,0,,0,0,
2026-07-01,2026-07-21,"AD16 Husky Cia",not_delivering,2026-05-27,2026-06-03,2026-05-27,,,,0,"Usando orçamento da campanha",0,0,0,0,,,,0,,0,0,
2026-07-01,2026-07-21,"AD15 Trendy",not_delivering,2026-05-27,2026-06-03,2026-05-27,,,,0,"Usando orçamento da campanha",0,0,0,0,,,,0,,0,0,
2026-07-01,2026-07-21,"AD09 Aline Store",not_delivering,2026-05-27,2026-06-03,2026-05-27,,,,0,"Usando orçamento da campanha",0,0,0,0,,,,0,,0,0,
2026-07-01,2026-07-21,CRSL03,not_delivering,2026-05-27,2026-06-03,2026-05-27,,,,0,"Usando orçamento da campanha",0,0,0,0,,,,0,,0,0,
2026-07-01,2026-07-21,"AD07 L&N",not_delivering,2026-05-27,2026-06-03,2026-05-27,,,,0,"Usando orçamento da campanha",0,0,0,0,,,,0,,0,0,
2026-07-01,2026-07-21,"AD01 Broken Style",not_delivering,2026-05-27,2026-06-03,2026-05-27,,,,0,"Usando orçamento da campanha",0,0,0,0,,,,0,,0,0,
2026-07-01,2026-07-21,"AD09 Aline Store",not_delivering,2026-05-27,2026-06-03,2026-05-27,,,,0,"Usando orçamento da campanha",0,0,0,0,,,,0,,0,0,
2026-07-01,2026-07-21,CRSL01,not_delivering,2026-05-27,2026-06-03,2026-05-27,,,,0,"Usando orçamento da campanha",0,0,0,0,,,,0,,0,0,
2026-07-01,2026-07-21,"AD06 Hadassa",not_delivering,2026-05-27,2026-06-03,2026-05-27,,,,0,"Usando orçamento da campanha",0,0,0,0,,,,0,,0,0,
2026-07-01,2026-07-21,"AD03 Talk Center",not_delivering,2026-05-27,2026-06-03,2026-05-27,,,,0,"Usando orçamento da campanha",0,0,0,0,,,,0,,0,0,
2026-07-01,2026-07-21,"AD06 Hadassa",not_delivering,2026-05-27,2026-06-03,2026-05-27,,,,0,"Usando orçamento da campanha",0,0,0,0,,,,0,,0,0,
2026-07-01,2026-07-21,"Video circo das cores — Cópia",inactive,2026-06-03,Contínuo,2026-06-25,,,,0,"Usando orçamento da campanha",0,0,0,0,,,,0,,0,0,
2026-07-01,2026-07-21,"Video circo das cores — Cópia",inactive,2026-06-03,Contínuo,2026-06-25,,,,0,"Usando orçamento da campanha",0,0,0,0,,,,0,,0,0,
2026-07-01,2026-07-21,"AD010 Feira de Colecionáveis",inactive,2026-06-03,Contínuo,2026-06-15,,,,0,"Usando orçamento da campanha",0,0,0,0,,,,0,,0,0,
2026-07-01,2026-07-21,"Novo anúncio de Leads — Cópia",not_delivering,2026-05-19,Contínuo,2026-06-19,,,,0,"Usando orçamento da campanha",0,0,0,0,,,,0,,0,0,
2026-07-01,2026-07-21,"AD 01 - Amarelo - suplementos — Cópia",inactive,2026-05-19,Contínuo,2026-06-19,,,,0,"Usando orçamento da campanha",0,0,0,0,,,,0,,0,0,
2026-07-01,2026-07-21,"AD 02 - moda geral — Cópia",inactive,2026-05-19,Contínuo,2026-06-19,,,,0,"Usando orçamento da campanha",0,0,0,0,,,,0,,0,0,
2026-07-01,2026-07-21,"AD 02 [estático] [Corta Preço]",inactive,2025-01-07,Contínuo,2026-06-12,,,,0,"Usando orçamento da campanha",0,0,0,0,,,,0,,0,0,
2026-07-01,2026-07-21,"AD Loja Pronta",inactive,2026-05-19,Contínuo,2026-06-16,,,,0,"Usando orçamento da campanha",0,0,0,0,,,,0,,0,0,
2026-07-01,2026-07-21,"AD 02 - moda geral — Cópia",inactive,2026-05-19,Contínuo,2026-06-19,,,,0,"Usando orçamento da campanha",0,0,0,0,,,,0,,0,0,
2026-07-01,2026-07-21,"AD Video 1 Ana Vaz — Cópia — Cópia",inactive,2026-05-19,Contínuo,2026-06-03,,,,0,"Usando orçamento da campanha",0,0,0,0,,,,0,,0,0,
2026-07-01,2026-07-21,"AD18 Rosa de Saron",not_delivering,2026-05-27,Contínuo,2026-05-27,,,,0,"Usando orçamento da campanha",0,0,0,0,,,,0,,0,0,
2026-07-01,2026-07-21,"AD21 Toa Toa",not_delivering,2026-05-27,Contínuo,2026-05-27,,,,0,"Usando orçamento da campanha",0,0,0,0,,,,0,,0,0,
2026-07-01,2026-07-21,"AD22 Stylo Plus",not_delivering,2026-05-27,Contínuo,2026-05-27,,,,0,"Usando orçamento da campanha",0,0,0,0,,,,0,,0,0,
2026-07-01,2026-07-21,"AD17 Ma Confort",not_delivering,2026-05-27,2026-06-03,2026-05-27,,,,0,"Usando orçamento da campanha",0,0,0,0,,,,0,,0,0,
2026-07-01,2026-07-21,"AD14 Sumatra",not_delivering,2026-05-27,2026-06-03,2026-05-27,,,,0,"Usando orçamento da campanha",0,0,0,0,,,,0,,0,0,
2026-07-01,2026-07-21,CRSL02,not_delivering,2026-05-27,2026-06-03,2026-05-27,,,,0,"Usando orçamento da campanha",0,0,0,0,,,,0,,0,0,
2026-07-01,2026-07-21,"AD05 Stylo Plus",not_delivering,2026-05-27,2026-06-03,2026-05-27,,,,0,"Usando orçamento da campanha",0,0,0,0,,,,0,,0,0,
2026-07-01,2026-07-21,CRSL03,not_delivering,2026-05-27,2026-06-03,2026-05-27,,,,0,"Usando orçamento da campanha",0,0,0,0,,,,0,,0,0,
2026-07-01,2026-07-21,"AD19 Só Aki",not_delivering,2026-05-27,2026-06-03,2026-05-27,,,,0,"Usando orçamento da campanha",0,0,0,0,,,,0,,0,0,
2026-07-01,2026-07-21,"AD11 Top House",not_delivering,2026-05-27,2026-06-03,2026-05-27,,,,0,"Usando orçamento da campanha",0,0,0,0,,,,0,,0,0,
2026-07-01,2026-07-21,"AD10 Linny",not_delivering,2026-05-27,2026-06-03,2026-05-27,,,,0,"Usando orçamento da campanha",0,0,0,0,,,,0,,0,0,
2026-07-01,2026-07-21,"AD04 Basico Estilo",not_delivering,2026-05-27,2026-06-03,2026-05-27,,,,0,"Usando orçamento da campanha",0,0,0,0,,,,0,,0,0,
2026-07-01,2026-07-21,"AD05 Stylo Plus",not_delivering,2026-05-27,2026-06-03,2026-05-27,,,,0,"Usando orçamento da campanha",0,0,0,0,,,,0,,0,0,
2026-07-01,2026-07-21,"AD08 Ótica Oftalmica",not_delivering,2026-05-27,2026-06-03,2026-05-27,,,,0,"Usando orçamento da campanha",0,0,0,0,,,,0,,0,0,
2026-07-01,2026-07-21,"AD11 Top House",not_delivering,2026-05-27,2026-06-03,2026-05-27,,,,0,"Usando orçamento da campanha",0,0,0,0,,,,0,,0,0,
2026-07-01,2026-07-21,"LAD01 LIVE Corta Preço — Cópia — Cópia — Cópia — Cópia",inactive,2026-06-03,Contínuo,2026-06-08,,,,0,"Usando orçamento da campanha",0,0,0,0,,,,0,,0,0,
2026-07-01,2026-07-21,"Video circo das cores — Cópia",inactive,2026-06-03,Contínuo,2026-06-25,,,,0,"Usando orçamento da campanha",0,0,0,0,,,,0,,0,0,
2026-07-01,2026-07-21,"Video circo das cores — Cópia",inactive,2026-06-03,Contínuo,2026-06-25,,,,0,"Usando orçamento da campanha",0,0,0,0,,,,0,,0,0,
2026-07-01,2026-07-21,"AD 02 - moda masculina — Cópia",inactive,2026-05-19,Contínuo,2026-06-19,,,,0,"Usando orçamento da campanha",0,0,0,0,,,,0,,0,0,
2026-07-01,2026-07-21,"AD 02",inactive,2026-05-19,Contínuo,2026-06-19,,,,0,"Usando orçamento da campanha",0,0,0,0,,,,0,,0,0,
2026-07-01,2026-07-21,"AD Loja Pronta",inactive,2026-05-19,Contínuo,2026-06-19,,,,0,"Usando orçamento da campanha",0,0,0,0,,,,0,,0,0,
2026-07-01,2026-07-21,"Camp. namorados",inactive,2015-06-02,Contínuo,2026-06-15,,,,0,10,Diário,0,0,0,,,,0,,0,0,
2026-07-01,2026-07-21,"AD 02- [Img] Corta Preço",inactive,2025-01-07,Contínuo,2026-06-12,,,,0,"Usando orçamento da campanha",0,0,0,0,,,,0,,0,0,
2026-07-01,2026-07-21,"AD 02 - moda infantil — Cópia",inactive,2025-10-28,Contínuo,2026-06-03,,,,0,"Usando orçamento da campanha",0,0,0,0,,,,0,,0,0,
2026-07-01,2026-07-21,"AD Loja Pronta",inactive,2026-05-19,Contínuo,2026-06-03,,,,0,"Usando orçamento da campanha",0,0,0,0,,,,0,,0,0,
2026-07-01,2026-07-21,"Video Inverno — Cópia",not_delivering,2026-05-20,Contínuo,2026-05-20,,,,0,"Usando orçamento da campanha",0,0,0,0,,,,0,,0,0,
2026-07-01,2026-07-21,CRSL01,not_delivering,2026-05-27,Contínuo,2026-05-27,,,,0,"Usando orçamento da campanha",0,0,0,0,,,,0,,0,0,
2026-07-01,2026-07-21,"AD11 Top House",not_delivering,2026-05-27,Contínuo,2026-05-27,,,,0,"Usando orçamento da campanha",0,0,0,0,,,,0,,0,0,
2026-07-01,2026-07-21,"AD13 Charm Pratas",not_delivering,2026-05-27,2026-06-03,2026-05-27,,,,0,"Usando orçamento da campanha",0,0,0,0,,,,0,,0,0,
2026-07-01,2026-07-21,"AD19 Só Aki",not_delivering,2026-05-27,2026-06-03,2026-05-27,,,,0,"Usando orçamento da campanha",0,0,0,0,,,,0,,0,0,
2026-07-01,2026-07-21,"AD11 Top House",not_delivering,2026-05-27,2026-06-03,2026-05-27,,,,0,"Usando orçamento da campanha",0,0,0,0,,,,0,,0,0,
2026-07-01,2026-07-21,CRSL01,not_delivering,2026-05-27,2026-06-03,2026-05-27,,,,0,"Usando orçamento da campanha",0,0,0,0,,,,0,,0,0,
2026-07-01,2026-07-21,"AD12 Monizer",not_delivering,2026-05-27,2026-06-03,2026-05-27,,,,0,"Usando orçamento da campanha",0,0,0,0,,,,0,,0,0,
2026-07-01,2026-07-21,CRSL02,not_delivering,2026-05-27,2026-06-03,2026-05-27,,,,0,"Usando orçamento da campanha",0,0,0,0,,,,0,,0,0,
2026-07-01,2026-07-21,"AD 02 - Suplementos — Cópia",inactive,2026-05-19,Contínuo,2026-06-19,,,,0,"Usando orçamento da campanha",0,0,0,0,,,,0,,0,0,
2026-07-01,2026-07-21,"AD 01 - bijuterias - joias — Cópia",inactive,2026-05-19,Contínuo,2026-06-19,,,,0,"Usando orçamento da campanha",0,0,0,0,,,,0,,0,0,
2026-07-01,2026-07-21,"AD 02 - moda infantil — Cópia",not_delivering,2026-05-19,Contínuo,2026-06-19,,,,0,"Usando orçamento da campanha",0,0,0,0,,,,0,,0,0,
2026-07-01,2026-07-21,"AD Video 1 Ana Vaz — Cópia — Cópia",inactive,2026-05-19,Contínuo,2026-06-19,,,,0,"Usando orçamento da campanha",0,0,0,0,,,,0,,0,0,
