"Início dos relatórios","Encerramento dos relatórios","Nome do conjunto de anúncios","Veiculação do conjunto de anúncios",Início,Término,"Data da última edição",Resultados,"Indicador de resultados","Custo por resultados","Valor usado (BRL)","Orçamento do conjunto de anúncios","Tipo de orçamento do conjunto de anúncios",Alcance,Frequência,Impressões,"Cliques no link","CTR (taxa de cliques no link)","CPC (custo por clique no link) (BRL)","CPM (custo por 1.000 impressões) (BRL)","Visualizações da página de destino","Visitas ao perfil do Instagram","Seguidores no Instagram","Cliques em Como chegar"
2026-07-01,2026-07-21,"CJ 01 [Interesses - Negócios Locais] [25+ - Curitiba 40km]",active,2025-10-28,Contínuo,2026-05-19,3,actions:leadgen.other,38.76333333,116.29,"Usando orçamento da campanha",0,1716,1.981935,3401,16,0.47045,7.268125,34.192884,,10,0,
2026-07-01,2026-07-21,"CJ 01 [Interesses] [40 KM] [18+]",archived,2026-03-04,Contínuo,2026-07-06,,,,0,"Usando orçamento da campanha",0,0,0,0,,,,0,,0,0,
2026-07-01,2026-07-21,"CJ 01 [INTERESSES - CORRIDA]",not_delivering,2026-03-11,Contínuo,2026-05-20,,,,0,"Usando orçamento da campanha",0,0,0,0,,,,0,,0,0,
2026-07-01,2026-07-21,"CJ 02 [INTERESSES - CORRIDA] — ADVANTAGE",not_delivering,2026-03-11,Contínuo,2026-05-20,,,,0,"Usando orçamento da campanha",0,0,0,0,,,,0,,0,0,
2026-07-01,2026-07-21,"CJ 02 - [remarketing] [40 KM] [18+]",archived,2026-03-31,Contínuo,2026-07-06,,,,0,"Usando orçamento da campanha",0,0,0,0,,,,0,,0,0,
2026-07-01,2026-07-21,"CJ 03 - [Advantage ] [40 KM] [18+]",archived,2026-04-01,Contínuo,2026-07-06,,,,0,"Usando orçamento da campanha",0,0,0,0,,,,0,,0,0,
2026-07-01,2026-07-21,"CJ 04 [LL 2% 90 D ] [40KM] 18+",archived,2026-04-01,Contínuo,2026-07-06,,,,0,"Usando orçamento da campanha",0,0,0,0,,,,0,,0,0,
2026-07-01,2026-07-21,"CJ 02 [LL 3% Comercial] [25+ - Curitiba 40km]",inactive,2026-05-19,Contínuo,2026-06-19,,,,0,"Usando orçamento da campanha",0,0,0,0,,,,0,,0,0,
2026-07-01,2026-07-21,"CJ 03 [LL1 % FORMULÁRIOl] [25+ - Curitiba 40km]",inactive,2026-05-19,Contínuo,2026-06-19,,,,0,"Usando orçamento da campanha",0,0,0,0,,,,0,,0,0,
2026-07-01,2026-07-21,"CJ 04 [LL1 %  VView 10 sg - comercial] [25+ - Curitiba 40km]",active,2026-05-19,Contínuo,2026-06-19,2,actions:leadgen.other,33.875,67.75,"Usando orçamento da campanha",0,1753,1.836851,3220,27,0.838509,2.509259,21.040373,,13,0,
2026-07-01,2026-07-21,"CJ 0 [VView 10 sg - comercial] [25+ - Curitiba 40km]",active,2026-05-19,Contínuo,2026-05-19,116,actions:leadgen.other,33.26172414,3858.36,"Usando orçamento da campanha",0,64718,2.97313,192415,1396,0.725515,2.763868,20.052283,3,300,15,
2026-07-01,2026-07-21,"CJ03 [remarketing - redes sociais - 90D]",not_delivering,2026-05-20,Contínuo,2026-05-20,,,,0,"Usando orçamento da campanha",0,0,0,0,,,,0,,0,0,
2026-07-01,2026-07-21,"CJ04 [LL 1% 90D]",not_delivering,2026-05-20,Contínuo,2026-05-20,,,,0,"Usando orçamento da campanha",0,0,0,0,,,,0,,0,0,
2026-07-01,2026-07-21,"[CJ03][20KM][RMKT REDES SOCIAIS 180D][25-45]",not_delivering,2026-05-27,Contínuo,2026-05-27,,,,0,"Usando orçamento da campanha",0,0,0,0,,,,0,,0,0,
2026-07-01,2026-07-21,"CJ 01 [Interesses] [40 KM] [18+] — Cópia",not_delivering,2026-06-03,Contínuo,2026-06-03,2171,total_profile_visits,0.23669737,513.87,"Usando orçamento da campanha",0,38922,1.329402,51743,1671,3.229422,0.307522,9.931198,4,313,37,
2026-07-01,2026-07-21,"CJ 02 - [remarketing] [40 KM] [18+] — Cópia",not_delivering,2026-06-03,Contínuo,2026-06-03,1217,total_profile_visits,0.25700082,312.77,"Usando orçamento da campanha",0,23495,1.16727,27425,943,3.438469,0.331676,11.404558,1,121,15,
2026-07-01,2026-07-21,"CJ 03 - [Advantage ] [40 KM] [18+] — Cópia",not_delivering,2026-06-03,Contínuo,2026-06-03,3401,total_profile_visits,0.26332549,895.57,"Usando orçamento da campanha",0,80327,1.350828,108508,2619,2.413647,0.341951,8.253493,3,763,72,
2026-07-01,2026-07-21,"CJ 04 [LL 2% 90 D ] [40KM] 18+ — Cópia",not_delivering,2026-06-03,Contínuo,2026-06-03,2080,total_profile_visits,0.15164423,315.42,"Usando orçamento da campanha",0,21221,1.132275,24028,1986,8.265357,0.158822,13.127185,2,1636,11,
2026-07-01,2026-07-21,"Post do Instagram: ✨ Seu projeto dos sonhos...",not_delivering,2026-06-05,2026-07-07,2026-06-05,60,profile_visit_view,0.61183333,36.71,"Usando orçamento da campanha",0,6572,1.184267,7783,58,0.745214,0.632931,4.71669,,60,1,
2026-07-01,2026-07-21,"Post do Instagram: Se você ja está na contagem...",not_delivering,2026-06-05,2026-06-15,2026-06-05,,,,0,"Usando orçamento da campanha",0,0,0,0,,,,0,,0,0,
2026-07-01,2026-07-21,"Post do Instagram: Dia dos namorados chegando e...",not_delivering,2026-06-10,2026-06-12,2026-06-10,,,,0,"Usando orçamento da campanha",0,0,0,0,,,,0,,0,0,
2026-07-01,2026-07-21,"Post do Instagram: Chegou Mercadão dos Celulares...",not_delivering,2026-06-10,2026-07-10,2026-06-10,346,profile_visit_view,0.18763006,64.92,"Usando orçamento da campanha",0,5671,1.18815,6738,350,5.19442,0.185486,9.634907,1,346,42,
2026-07-01,2026-07-21,"Post do Instagram: Mais que assistir, aqui você...",not_delivering,2026-06-10,2026-06-23,2026-06-10,,,,0,"Usando orçamento da campanha",0,0,0,0,,,,0,,0,0,
2026-07-01,2026-07-21,"Post do Instagram: O Festival de Inverno chegou...",not_delivering,2026-06-11,2026-06-16,2026-06-11,,,,0,"Usando orçamento da campanha",0,0,0,0,,,,0,,0,0,
2026-07-01,2026-07-21,"Post do Instagram: Esta faltando figurinha aí? 👀...",not_delivering,2026-06-12,2026-06-13,2026-06-12,,,,0,"Usando orçamento da campanha",0,0,0,0,,,,0,,0,0,
2026-07-01,2026-07-21,"Post do Instagram: ✨ Beleza, autoestima e cuidado...",recently_completed,2026-06-15,2026-07-15,2026-06-15,252,profile_visit_view,0.56642857,142.74,"Usando orçamento da campanha",0,9436,1.262823,11916,265,2.223901,0.538642,11.978852,5,252,19,
2026-07-01,2026-07-21,[ADV][Frio][Amplo][40km],active,2026-06-16,Contínuo,2026-07-07,286426,reach,1.25934796,360.71,"Usando orçamento da campanha",0,286426,1.105591,316670,318,0.10042,1.134308,1.139072,,150,0,
2026-07-01,2026-07-21,"Post do Instagram: Vem aí o Arraiá do Cidade! 🤠🌽...",not_delivering,2026-06-16,2026-06-27,2026-06-19,,,,0,"Usando orçamento da campanha",0,0,0,0,,,,0,,0,0,
2026-07-01,2026-07-21,"Post do Instagram: A Sol Kids chegou para...",recently_completed,2026-06-16,2026-07-16,2026-06-16,220,profile_visit_view,0.48781818,107.32,"Usando orçamento da campanha",0,4644,1.309432,6081,219,3.601381,0.490046,17.648413,1,220,32,
2026-07-01,2026-07-21,"Post do Instagram: O Festival de Inverno está...",not_delivering,2026-06-18,2026-06-24,2026-06-18,,,,0,"Usando orçamento da campanha",0,0,0,0,,,,0,,0,0,
2026-07-01,2026-07-21,"Post do Instagram: Atenção, colecionadores 🎮✨

A...",not_delivering,2026-06-18,2026-06-21,2026-06-18,,,,0,"Usando orçamento da campanha",0,0,0,0,,,,0,,0,0,
2026-07-01,2026-07-21,"Post do Instagram: São os últimos dias do Circo...",not_delivering,2026-06-19,2026-06-28,2026-06-19,,,,0,"Usando orçamento da campanha",0,0,0,0,,,,0,,0,0,
2026-07-01,2026-07-21,"Post do Instagram: Descontos Imperdíveis? Temos!🔥...",not_delivering,2026-06-19,2026-06-24,2026-06-19,,,,0,"Usando orçamento da campanha",0,0,0,0,,,,0,,0,0,
2026-07-01,2026-07-21,[ADV][Frio][Amplo][10km],not_delivering,2026-06-25,2026-06-30,2026-06-25,,,,0,"Usando orçamento da campanha",0,0,0,0,,,,0,,0,0,
2026-07-01,2026-07-21,"Post do Instagram: Chegou a De Meninas no seu...",active,2026-06-24,2026-07-23,2026-06-24,493,profile_visit_view,0.40661258,200.46,"Usando orçamento da campanha",0,8824,1.3767,12148,500,4.115904,0.40092,16.501482,2,493,81,
2026-07-01,2026-07-21,"Post do Instagram: Compre e concorra a um Iphone...",active,2026-06-24,2026-07-24,2026-06-24,237,profile_visit_view,0.82991561,196.69,"Usando orçamento da campanha",0,19527,1.386081,27066,231,0.853469,0.851472,7.267051,,237,15,
2026-07-01,2026-07-21,"Post do Instagram: Começou o Arraiá do Cidade! 🪅...",not_delivering,2026-06-25,2026-06-28,2026-06-25,,,,0,"Usando orçamento da campanha",0,0,0,0,,,,0,,0,0,
2026-07-01,2026-07-21,"Post do Instagram: Vai ter emoção em campo e no...",not_delivering,2026-06-26,2026-06-29,2026-06-26,,,,0,"Usando orçamento da campanha",0,0,0,0,,,,0,,0,0,
2026-07-01,2026-07-21,"Post do Instagram: A moda que une tendência,...",active,2026-06-30,2026-07-30,2026-06-30,505,profile_visit_view,0.36629703,184.98,"Usando orçamento da campanha",0,7020,1.405128,9864,542,5.494728,0.341292,18.753041,2,505,52,
2026-07-01,2026-07-21,[ADV][Frio][Amplo][20km],active,2026-07-01,Contínuo,2026-07-20,9031,profile_visit_view,0.21559517,1947.04,70,Diário,158633,3.206773,508700,9369,1.841753,0.207817,3.827482,10,9031,131,
2026-07-01,2026-07-21,[Quente][retargeting][20km],active,2026-07-01,Contínuo,2026-07-20,7334,profile_visit_view,0.21186665,1553.83,50,Diário,54401,5.626275,306075,7402,2.418362,0.20992,5.076632,12,7334,107,
2026-07-01,2026-07-21,"Post do Instagram: A Operação Férias começou no...",not_delivering,2026-07-01,2026-07-07,2026-07-01,78,profile_visit_view,0.53474359,41.71,"Usando orçamento da campanha",0,5811,1.152469,6697,72,1.075108,0.579306,6.228162,,78,2,
2026-07-01,2026-07-21,"Post do Instagram: 🍌💛 Eles estão chegando!

Nos...",not_delivering,2026-07-01,2026-07-04,2026-07-01,125,profile_visit_view,0.1668,20.85,"Usando orçamento da campanha",0,4310,1.136659,4899,125,2.551541,0.1668,4.255971,,125,4,
2026-07-01,2026-07-21,[ADV][Frio][Amplo][20km],active,2026-07-03,Contínuo,2026-07-20,8999,total_profile_visits,0.26447828,2380.04,110,Diário,237063,1.908687,452479,7447,1.645822,0.319597,5.260001,62,6582,427,
2026-07-01,2026-07-21,[Quente][retargeting][20km],active,2026-07-03,Contínuo,2026-07-03,13397,total_profile_visits,0.17840935,2390.15,133,Diário,99437,2.005531,199424,13369,6.703807,0.178783,11.985268,5,13239,35,
2026-07-01,2026-07-21,"Post do Instagram: ✨ As férias ficam ainda...",recently_completed,2026-07-03,2026-07-20,2026-07-03,160,profile_visit_view,0.6341875,101.47,"Usando orçamento da campanha",0,6119,1.246936,7630,151,1.97903,0.671987,13.29882,,160,15,
2026-07-01,2026-07-21,"Post do Instagram: Férias com criatividade no...",archived,2026-07-07,2026-07-11,2026-07-10,419,actions:link_click,0.15933174,66.76,"Usando orçamento da campanha",0,13265,1.176856,15611,419,2.684005,0.159332,4.276472,121,35,0,
2026-07-01,2026-07-21,"Post do Instagram: Férias com criatividade no...",not_delivering,2026-07-10,2026-07-11,2026-07-10,540,actions:link_click,0.27731481,149.75,"Usando orçamento da campanha",0,29856,1.230238,36730,540,1.470188,0.277315,4.077049,164,24,1,
2026-07-01,2026-07-21,"Post do Instagram: ✨ A Feira de Artesanato está...",recently_completed,2026-07-13,2026-07-15,2026-07-13,375,profile_visit_view,0.26653333,99.95,"Usando orçamento da campanha",0,7361,1.468822,10812,391,3.616352,0.255627,9.244358,1,375,43,
2026-07-01,2026-07-21,"Post do Instagram: Férias com muita diversão e...",recently_completed,2026-07-14,2026-07-17,2026-07-14,1223,actions:link_click,0.19623876,240,"Usando orçamento da campanha",0,39544,1.62409,64223,1223,1.904302,0.196239,3.736979,576,192,8,
2026-07-01,2026-07-21,"CJ 03[LL 5%] [10km]",not_delivering,2024-08-15,Contínuo,2024-08-15,,,,0,"Usando orçamento da campanha",0,0,0,0,,,,0,,0,0,
2026-07-01,2026-07-21,"CJ 01 [Interesses] [5km]",not_delivering,2024-08-15,Contínuo,2024-08-15,,,,0,"Usando orçamento da campanha",0,0,0,0,,,,0,,0,0,
2026-07-01,2026-07-21,"CJ 03 [LL2% ] [Curitiba 40km] [30+]",inactive,2024-09-06,Contínuo,2025-10-09,,,,0,"Usando orçamento da campanha",0,0,0,0,,,,0,,0,0,
2026-07-01,2026-07-21,"CJ 02 [ Remarketing] [Curitiba 40km] [35+]",not_delivering,2024-09-06,Contínuo,2026-02-11,,,,0,"Usando orçamento da campanha",0,0,0,0,,,,0,,0,0,
2026-07-01,2026-07-21,"CJ 01 [Interesses] [CURITIBA]  [17km] [novos]",not_delivering,2024-10-16,Contínuo,2024-10-16,0,reach,,0,"Usando orçamento da campanha",0,0,0,0,,,,0,,0,0,
2026-07-01,2026-07-21,"CJ 02 [LL2% - 90D] [18+]",not_delivering,2024-11-21,Contínuo,2024-11-21,0,reach,,0,"Usando orçamento da campanha",0,0,0,0,,,,0,,0,0,
2026-07-01,2026-07-21,"CJ 01 {interesses} (22+)  (5km)",not_delivering,2024-12-18,Contínuo,2024-12-19,,,,0,"Usando orçamento da campanha",0,0,0,0,,,,0,,0,0,
2026-07-01,2026-07-21,"CJ 01 [Seguidores 90D] [10km] [Facebook - Instagram]",not_delivering,2025-01-03,Contínuo,2025-01-03,,,,0,"Usando orçamento da campanha",0,0,0,0,,,,0,,0,0,
2026-07-01,2026-07-21,"CJ 02 [LL 2% ] [5km]",not_delivering,2025-01-03,Contínuo,2025-01-03,,,,0,"Usando orçamento da campanha",0,0,0,0,,,,0,,0,0,
2026-07-01,2026-07-21,"CJ 02 [Seguidores 90D] [40km] [Promoções]",not_delivering,2025-03-31,Contínuo,2025-04-01,,,,0,"Usando orçamento da campanha",0,0,0,0,,,,0,,0,0,
2026-07-01,2026-07-21,"CJ 03 [LL] [40km] [PROMOÇÕES]",not_delivering,2025-03-31,Contínuo,2025-04-03,,,,0,"Usando orçamento da campanha",0,0,0,0,,,,0,,0,0,
2026-07-01,2026-07-21,"CJ 04 [INTERESSES - COMPRAS ONLINE] [40km] [Chamada]",not_delivering,2025-04-01,Contínuo,2025-04-03,,,,0,"Usando orçamento da campanha",0,0,0,0,,,,0,,0,0,
2026-07-01,2026-07-21,"Cj 01 [Interesses] [CURITIBA] [15km]",not_delivering,2025-05-05,Contínuo,2025-05-05,0,reach,,0,"Usando orçamento da campanha",0,0,0,0,,,,0,,0,0,
2026-07-01,2026-07-21,"CJ 01 - INTERESSES [30km] [18-40]",not_delivering,2025-05-13,Contínuo,2025-05-13,,,,0,"Usando orçamento da campanha",0,0,0,0,,,,0,,0,0,
2026-07-01,2026-07-21,"Cj 02 [Seguidores 90D] [40km] [PROMOÇÕES]",not_delivering,2025-05-27,Contínuo,2025-08-15,,,,0,"Usando orçamento da campanha",0,0,0,0,,,,0,,0,0,
2026-07-01,2026-07-21,"Cj 03 [LL] [40KM] [PROMOÇÕES]",inactive,2025-05-27,Contínuo,2025-07-15,,,,0,"Usando orçamento da campanha",0,0,0,0,,,,0,,0,0,
2026-07-01,2026-07-21,"Cj 01 [INTERESSES] [18-65] [40km+]",not_delivering,2025-06-09,Contínuo,2025-06-09,,,,0,"Usando orçamento da campanha",0,0,0,0,,,,0,,0,0,
2026-07-01,2026-07-21,"Cj 01 [INTERESSES] [18-65] [40km+]",not_delivering,2025-06-09,Contínuo,2025-06-09,0,reach,,0,"Usando orçamento da campanha",0,0,0,0,,,,0,,0,0,
2026-07-01,2026-07-21,"Cj 03 - [ENGAJAMENTO] [18-65] [20km+]",not_delivering,2025-07-01,Contínuo,2025-08-15,,,,0,"Usando orçamento da campanha",0,0,0,0,,,,0,,0,0,
2026-07-01,2026-07-21,"CJ 01 [LL 2% - 90D] [CURITIBA]  [40KM]",inactive,2025-07-23,Contínuo,2026-01-08,,,,0,"Usando orçamento da campanha",0,0,0,0,,,,0,,0,0,
2026-07-01,2026-07-21,"Cj 02 [Público Salvo]",not_delivering,2025-07-23,Contínuo,2026-04-14,,,,0,"Usando orçamento da campanha",0,0,0,0,,,,0,,0,0,
2026-07-01,2026-07-21,"CJ 02 [Seguidores 180D] [Cwb 40km]",not_delivering,2025-09-10,Contínuo,2025-09-10,,,,0,"Usando orçamento da campanha",0,0,0,0,,,,0,,0,0,
2026-07-01,2026-07-21,"CJ 01 [Público advantage] [40KM]",not_delivering,2025-12-11,Contínuo,2025-12-11,,,,0,50,Diário,0,0,0,,,,0,,0,0,
2026-07-01,2026-07-21,"CJ 03 [Interesses]",not_delivering,2026-01-08,Contínuo,2026-01-08,,,,0,"Usando orçamento da campanha",0,0,0,0,,,,0,,0,0,
2026-07-01,2026-07-21,"CJ 01 - Cwb 40km - Interesses - Mulheres 25-34",not_delivering,2026-05-06,Contínuo,2026-05-06,,,,0,"Usando orçamento da campanha",0,0,0,0,,,,0,,0,0,
2026-07-01,2026-07-21,"CJ 02 [Remarketing] [Cidades] [30+]",not_delivering,2024-08-08,Contínuo,2025-01-27,,,,0,"Usando orçamento da campanha",0,0,0,0,,,,0,,0,0,
2026-07-01,2026-07-21,"CJ 04 [Remarketing] [10km]",not_delivering,2024-08-15,Contínuo,2024-08-15,,,,0,"Usando orçamento da campanha",0,0,0,0,,,,0,,0,0,
2026-07-01,2026-07-21,"CJ 02 [Interesses] [CURITIBA]  [10km]",not_delivering,2024-09-06,Contínuo,2024-10-16,0,reach,,0,"Usando orçamento da campanha",0,0,0,0,,,,0,,0,0,
2026-07-01,2026-07-21,"CJ 03 [Interesse] [18+] [4km]",not_delivering,2024-11-21,Contínuo,2024-11-21,0,reach,,0,"Usando orçamento da campanha",0,0,0,0,,,,0,,0,0,
2026-07-01,2026-07-21,"Instagram Post",not_delivering,2025-08-19,Contínuo,2025-08-19,,,,0,"Usando orçamento da campanha",0,0,0,0,,,,0,,0,0,
2026-07-01,2026-07-21,"Cj 02 [LL] [40KM] [Promoções]",not_delivering,2025-09-02,Contínuo,2025-09-02,,,,0,"Usando orçamento da campanha",0,0,0,0,,,,0,,0,0,
2026-07-01,2026-07-21,"CJ 03 [Interesses] [40km] [20+]",not_delivering,2025-09-18,Contínuo,2025-10-30,0,reach,,0,"Usando orçamento da campanha",0,0,0,0,,,,0,,0,0,
2026-07-01,2026-07-21,"[feminino 30+] [10km]  |Interesses]",not_delivering,2025-10-02,Contínuo,2025-10-02,,,,0,"Usando orçamento da campanha",0,0,0,0,,,,0,,0,0,
2026-07-01,2026-07-21,"CJ 01 [Empreendedores Locais] [25-55] [Curitiba 40km]",not_delivering,2025-10-28,Contínuo,2025-10-28,,,,0,50,Diário,0,0,0,,,,0,,0,0,
2026-07-01,2026-07-21,"CJ 01 - [Remarketing]",not_delivering,2025-11-08,Contínuo,2025-11-08,,,,0,50,Diário,0,0,0,,,,0,,0,0,
2026-07-01,2026-07-21,"CJ 04 [LL 2% ]",not_delivering,2026-01-08,Contínuo,2026-01-08,,,,0,"Usando orçamento da campanha",0,0,0,0,,,,0,,0,0,
2026-07-01,2026-07-21,"CJ 01.2 [Público Advantage] [Geo 40km]",inactive,2026-01-15,Contínuo,2026-01-23,,,,0,"Usando orçamento da campanha",0,0,0,0,,,,0,,0,0,
2026-07-01,2026-07-21,"CJ 02.2 [Remarketing 90D] [Geo 40km]",inactive,2026-01-15,Contínuo,2026-01-23,,,,0,"Usando orçamento da campanha",0,0,0,0,,,,0,,0,0,
2026-07-01,2026-07-21,"CJ 01 [Advantage - Cidades] [25-50] [Mulheres]",not_delivering,2026-01-28,Contínuo,2026-01-28,,,,0,30,Diário,0,0,0,,,,0,,0,0,
2026-07-01,2026-07-21,"CJ 02 [Seguidores]",not_delivering,2026-02-25,Contínuo,2026-02-25,,,,0,"Usando orçamento da campanha",0,0,0,0,,,,0,,0,0,
2026-07-01,2026-07-21,"CJ 03 [LL]",not_delivering,2026-02-25,Contínuo,2026-02-25,,,,0,"Usando orçamento da campanha",0,0,0,0,,,,0,,0,0,
2026-07-01,2026-07-21,"CJ [INTERESSES] [MULHERES] [40KM]",not_delivering,2026-03-06,Contínuo,2026-03-06,,,,0,"Usando orçamento da campanha",0,0,0,0,,,,0,,0,0,
2026-07-01,2026-07-21,"CJ [Remarketing] [MULHERES] [40KM]",not_delivering,2026-03-06,Contínuo,2026-03-06,,,,0,"Usando orçamento da campanha",0,0,0,0,,,,0,,0,0,
2026-07-01,2026-07-21,"CJ 03 - LL1% - 23-45 - Carrossel",not_delivering,2026-03-25,Contínuo,2026-03-25,,,,0,"Usando orçamento da campanha",0,0,0,0,,,,0,,0,0,
2026-07-01,2026-07-21,"CJ Interesses - Geo - 18+ - 40km",inactive,2026-03-27,Contínuo,2026-04-01,,,,0,"Usando orçamento da campanha",0,0,0,0,,,,0,,0,0,
2026-07-01,2026-07-21,"CJ 01 [LL 2/3 LP COMERCIAL - Bairros] [25+]",not_delivering,2026-04-08,Contínuo,2026-04-08,,,,0,"Usando orçamento da campanha",0,0,0,0,,,,0,,0,0,
2026-07-01,2026-07-21,"Cj 02[Remarketing] [40KM+] [RMC] [24+]",not_delivering,2026-04-17,Contínuo,2026-04-17,,,,0,"Usando orçamento da campanha",0,0,0,0,,,,0,,0,0,
2026-07-01,2026-07-21,"Cj 02 [Interesses moda] [ Curitiba e RMC] [25 - 55]",not_delivering,2026-04-24,Contínuo,2026-04-27,,,,0,"Usando orçamento da campanha",0,0,0,0,,,,0,,0,0,
2026-07-01,2026-07-21,"[Interesses] [20+] [Curitiba 40km]",not_delivering,2026-04-29,Contínuo,2026-04-29,,,,0,"Usando orçamento da campanha",0,0,0,0,,,,0,,0,0,
2026-07-01,2026-07-21,"CJ 02 - Cwb 40km - remarketing 90D - Mulheres 24 - 44",not_delivering,2026-05-06,Contínuo,2026-05-06,,,,0,"Usando orçamento da campanha",0,0,0,0,,,,0,,0,0,
2026-07-01,2026-07-21,"CJ 02 [INTERESSES] [CWB 40KM] [30+]",inactive,2024-08-08,Contínuo,2024-08-08,,,,0,"Usando orçamento da campanha",0,0,0,0,,,,0,,0,0,
2026-07-01,2026-07-21,"CJ 01 [INTERESSES] [GEOLOCALIZADA] [CARGOS] [25+]",inactive,2024-08-08,Contínuo,2024-08-08,,,,0,"Usando orçamento da campanha",0,0,0,0,,,,0,,0,0,
2026-07-01,2026-07-21,"CJ 01 [Intesses ] [Geo] [10km]",not_delivering,2024-09-05,Contínuo,2024-09-05,,,,0,"Usando orçamento da campanha",0,0,0,0,,,,0,,0,0,
2026-07-01,2026-07-21,"CA [TRÁFÉGO] [MARATON KIDS]",not_delivering,2024-09-11,Contínuo,2024-09-11,,,,0,20,Diário,0,0,0,,,,0,,0,0,
2026-07-01,2026-07-21,"Novo conjunto de anúncios de Tráfego — Cópia",not_delivering,2024-09-12,Contínuo,2024-09-12,,,,0,20,Diário,0,0,0,,,,0,,0,0,
2026-07-01,2026-07-21,"CJ 03[seguidores] [19+] 6km",not_delivering,2024-12-19,Contínuo,2025-03-28,,,,0,"Usando orçamento da campanha",0,0,0,0,,,,0,,0,0,
2026-07-01,2026-07-21,"CJ 03 [Seguidores] [10km] [23+]",not_delivering,2025-01-07,Contínuo,2025-01-09,,,,0,"Usando orçamento da campanha",0,0,0,0,,,,0,,0,0,
2026-07-01,2026-07-21,"CJ 04 [IG 30D] [CURITIBA]",not_delivering,2025-01-31,Contínuo,2025-01-31,0,reach,,0,"Usando orçamento da campanha",0,0,0,0,,,,0,,0,0,
2026-07-01,2026-07-21,"CJ 02 [Interesses] [Geo 5km] [25+] [VD]",not_delivering,2025-02-24,Contínuo,2025-02-24,0,reach,,0,"Usando orçamento da campanha",0,0,0,0,,,,0,,0,0,
2026-07-01,2026-07-21,"CJ 03 [SEGUIDORES] [Geo 5km] [25+][IMG]",not_delivering,2025-02-24,Contínuo,2025-02-24,0,reach,,0,"Usando orçamento da campanha",0,0,0,0,,,,0,,0,0,
2026-07-01,2026-07-21,"CJ 04 [Interesses] [Geo 5km] [25+] [VD]",not_delivering,2025-02-24,Contínuo,2025-02-24,0,reach,,0,"Usando orçamento da campanha",0,0,0,0,,,,0,,0,0,
2026-07-01,2026-07-21,"CJ 01 [Seguidores 90D] [40km] [Chamada]",not_delivering,2025-03-31,Contínuo,2025-04-01,,,,0,"Usando orçamento da campanha",0,0,0,0,,,,0,,0,0,
2026-07-01,2026-07-21,"CJ 02 - Seguidores [30km] [18-40]",not_delivering,2025-05-13,Contínuo,2025-05-13,,,,0,"Usando orçamento da campanha",0,0,0,0,,,,0,,0,0,
2026-07-01,2026-07-21,"Cj 02 [LL 1%] [18-65] [40km+]",not_delivering,2025-06-09,Contínuo,2025-08-15,,,,0,"Usando orçamento da campanha",0,0,0,0,,,,0,,0,0,
2026-07-01,2026-07-21,"CJ 02 [Interesses] [Geo 5km] [25+]",not_delivering,2025-07-01,Contínuo,2025-08-15,0,reach,,0,"Usando orçamento da campanha",0,0,0,0,,,,0,,0,0,
2026-07-01,2026-07-21,"CJ 01 [Interesses] [Curitiba] [20+]",not_delivering,2025-09-05,Contínuo,2025-09-05,0,reach,,0,"Usando orçamento da campanha",0,0,0,0,,,,0,,0,0,
2026-07-01,2026-07-21,"CJ 01 [Interesses] [Cwb 40km]",not_delivering,2025-09-10,Contínuo,2025-09-10,,,,0,"Usando orçamento da campanha",0,0,0,0,,,,0,,0,0,
2026-07-01,2026-07-21,"CJ 04 [Interesses] [Geo 40km]",inactive,2026-01-02,Contínuo,2026-01-15,,,,0,"Usando orçamento da campanha",0,0,0,0,,,,0,,0,0,
2026-07-01,2026-07-21,"CJ 02 [Remarketing] [Geo 20 km] [24+ M]",not_delivering,2026-03-12,Contínuo,2026-03-12,,,,0,"Usando orçamento da campanha",0,0,0,0,,,,0,,0,0,
2026-07-01,2026-07-21,"CJ 0 6 - rEAMARKETING  - 23-45 - Imagens",not_delivering,2026-03-25,Contínuo,2026-03-25,,,,0,"Usando orçamento da campanha",0,0,0,0,,,,0,,0,0,
2026-07-01,2026-07-21,"CJ 02 [INTERESSES - Bairros] [25+]",not_delivering,2026-04-08,Contínuo,2026-04-29,,,,0,"Usando orçamento da campanha",0,0,0,0,,,,0,,0,0,
2026-07-01,2026-07-21,"Cj 02 [Público Salvo]",not_delivering,2026-04-14,Contínuo,2026-04-14,,,,0,"Usando orçamento da campanha",0,0,0,0,,,,0,,0,0,
2026-07-01,2026-07-21,"CJ 02 [Site 90D] [25-45] [Geo 20km]",not_delivering,2026-05-20,Contínuo,2026-05-20,,,,0,"Usando orçamento da campanha",0,0,0,0,,,,0,,0,0,
2026-07-01,2026-07-21,"[CJ01][20KM][INTERESSES - VAREJO ONLINE][25-45]",not_delivering,2026-05-27,2026-06-03,2026-05-27,,,,0,"Usando orçamento da campanha",0,0,0,0,,,,0,,0,0,
2026-07-01,2026-07-21,"[CJ02][20KM][SITE+LAL 90D][25-45]",not_delivering,2026-05-27,2026-06-03,2026-05-27,,,,0,"Usando orçamento da campanha",0,0,0,0,,,,0,,0,0,
2026-07-01,2026-07-21,"CJ 02 [Teste] [Curitba 5km] [interesse]  [Instagram]",not_delivering,2025-03-28,Contínuo,2025-03-28,0,reach,,0,"Usando orçamento da campanha",0,0,0,0,,,,0,,0,0,
2026-07-01,2026-07-21,"CJ 01[Interesses] [ Geo - 4km] IMG",not_delivering,2024-08-09,Contínuo,2024-08-09,,,,0,"Usando orçamento da campanha",0,0,0,0,,,,0,,0,0,
2026-07-01,2026-07-21,"CJ 01 [ Engajaram FB- IG- ST] [90D] [18+] [4KM]",not_delivering,2024-11-21,Contínuo,2024-11-21,0,reach,,0,"Usando orçamento da campanha",0,0,0,0,,,,0,,0,0,
2026-07-01,2026-07-21,"CJ 03 [Interesses][5km]",not_delivering,2025-01-03,Contínuo,2025-01-03,,,,0,"Usando orçamento da campanha",0,0,0,0,,,,0,,0,0,
2026-07-01,2026-07-21,"CJ 03-[LL Facebook e IG 2%] [18-40]",not_delivering,2025-02-03,Contínuo,2025-02-04,,,,0,"Usando orçamento da campanha",0,0,0,0,,,,0,,0,0,
2026-07-01,2026-07-21,"CJ 01 [Interesses] [Geo 5km] [25+][IMG]",not_delivering,2025-02-24,Contínuo,2025-02-24,0,reach,,0,"Usando orçamento da campanha",0,0,0,0,,,,0,,0,0,
2026-07-01,2026-07-21,"CJ 02  [LL 2% - 90D] [CURITIBA]  [20km] [novos]",not_delivering,2025-05-05,Contínuo,2025-05-05,0,reach,,0,"Usando orçamento da campanha",0,0,0,0,,,,0,,0,0,
2026-07-01,2026-07-21,"CJ 02 [INTERESSES - CUPONS] [18-65] [20KM+]",not_delivering,2025-06-04,Contínuo,2025-06-04,,,,0,"Usando orçamento da campanha",0,0,0,0,,,,0,,0,0,
2026-07-01,2026-07-21,"Cj 02 [LL 1%] [18-65] [40km+]",not_delivering,2025-06-09,Contínuo,2025-06-09,0,reach,,0,"Usando orçamento da campanha",0,0,0,0,,,,0,,0,0,
2026-07-01,2026-07-21,"Cj 02 [LL] [40KM] [Promoções]",not_delivering,2025-06-17,Contínuo,2025-07-02,,,,0,"Usando orçamento da campanha",0,0,0,0,,,,0,,0,0,
2026-07-01,2026-07-21,"Cj 01 [Seguidores 90D] [40KM]",not_delivering,2025-09-02,Contínuo,2025-09-02,,,,0,"Usando orçamento da campanha",0,0,0,0,,,,0,,0,0,
2026-07-01,2026-07-21,"CJ 02 [Seguidores 180D] [Curitiba] [20+]",not_delivering,2025-09-05,Contínuo,2025-09-05,0,reach,,0,"Usando orçamento da campanha",0,0,0,0,,,,0,,0,0,
2026-07-01,2026-07-21,"CJ 03 [LL 1%] [Cwb 40km]",not_delivering,2025-09-10,Contínuo,2025-09-10,,,,0,"Usando orçamento da campanha",0,0,0,0,,,,0,,0,0,
2026-07-01,2026-07-21,"CJ 02- [Interesses]",not_delivering,2025-11-08,Contínuo,2025-11-08,,,,0,50,Diário,0,0,0,,,,0,,0,0,
2026-07-01,2026-07-21,"CJ 03 [ INTERESSES] [20+] [CWB 40KM]",not_delivering,2025-12-03,Contínuo,2025-12-26,,,,0,"Usando orçamento da campanha",0,0,0,0,,,,0,,0,0,
2026-07-01,2026-07-21,"CJ 02.1 [Remarketing 90D] [Geo 40km]",not_delivering,2026-01-02,Contínuo,2026-01-15,,,,0,"Usando orçamento da campanha",0,0,0,0,,,,0,,0,0,
2026-07-01,2026-07-21,"CJ 01.3 [Público Advantage] [Geo 40km]",inactive,2026-01-15,Contínuo,2026-01-23,,,,0,"Usando orçamento da campanha",0,0,0,0,,,,0,,0,0,
2026-07-01,2026-07-21,"CJ 03  A/B [Advantage - Cidades] [25-50] [Mulheres] - Imagens",not_delivering,2026-01-28,Contínuo,2026-01-28,,,,0,30,Diário,0,0,0,,,,0,,0,0,
2026-07-01,2026-07-21,"CJ [LL 1] [MULHERES] [40KM]",not_delivering,2026-03-06,Contínuo,2026-03-06,,,,0,"Usando orçamento da campanha",0,0,0,0,,,,0,,0,0,
2026-07-01,2026-07-21,"CJ 01 [Interesses] [10km] [25-40]",not_delivering,2026-04-01,Contínuo,2026-04-01,,,,0,"Usando orçamento da campanha",0,0,0,0,,,,0,,0,0,
2026-07-01,2026-07-21,"CJ 02 [ Remarketing - 40km] [24-54]",not_delivering,2026-04-07,Contínuo,2026-04-07,,,,0,"Usando orçamento da campanha",0,0,0,0,,,,0,,0,0,
2026-07-01,2026-07-21,"CJ 04 [ LL 1% - 40km] [24-54]",not_delivering,2026-04-07,Contínuo,2026-04-10,,,,0,"Usando orçamento da campanha",0,0,0,0,,,,0,,0,0,
2026-07-01,2026-07-21,"Cj 01 [Remkt] [40KM+] [RMC]",not_delivering,2026-04-14,Contínuo,2026-04-14,,,,0,"Usando orçamento da campanha",0,0,0,0,,,,0,,0,0,
2026-07-01,2026-07-21,"Cj 03 [Interesses] [40km+][RMC] [35-45]",not_delivering,2026-04-14,Contínuo,2026-04-14,,,,0,"Usando orçamento da campanha",0,0,0,0,,,,0,,0,0,
2026-07-01,2026-07-21,"CJ 02 [LL 2% - 24-44] [Curitiba 40km]",not_delivering,2026-04-23,Contínuo,2026-04-23,,,,0,"Usando orçamento da campanha",0,0,0,0,,,,0,,0,0,
2026-07-01,2026-07-21,"Novo conjunto de anúncios de Tráfego",not_delivering,2024-09-11,Contínuo,2024-09-12,,,,0,20,Diário,0,0,0,,,,0,,0,0,
2026-07-01,2026-07-21,"CJ 01  [LL 2%] [5km][23+]",not_delivering,2025-01-07,Contínuo,2025-01-09,,,,0,"Usando orçamento da campanha",0,0,0,0,,,,0,,0,0,
2026-07-01,2026-07-21,"CJ 05 [F] [NTERESSES - CUPONS] [40km] [Chamada]",not_delivering,2025-04-01,Contínuo,2025-04-03,,,,0,"Usando orçamento da campanha",0,0,0,0,,,,0,,0,0,
2026-07-01,2026-07-21,"CJ 02  [LL 2% - 90D] [CURITIBA]  [20km] [novos]",not_delivering,2025-05-19,Contínuo,2025-05-19,,,,0,"Usando orçamento da campanha",0,0,0,0,,,,0,,0,0,
2026-07-01,2026-07-21,"Cj 04 [INTERESSES-CUPONS] [40KM]",not_delivering,2025-05-27,Contínuo,2025-08-15,,,,0,"Usando orçamento da campanha",0,0,0,0,,,,0,,0,0,
2026-07-01,2026-07-21,"[20-40] [10km] [INSTAGRAM]",inactive,2025-06-17,Contínuo,2025-06-17,,,,0,"Usando orçamento da campanha",0,0,0,0,,,,0,,0,0,
2026-07-01,2026-07-21,"Cj 01 [Seguidores 90D] [40KM]",not_delivering,2025-06-17,Contínuo,2025-06-17,,,,0,"Usando orçamento da campanha",0,0,0,0,,,,0,,0,0,
2026-07-01,2026-07-21,"Cj 03 [INTERESSES - CUPONS E COMPRAS ONLINE] [40KM]",not_delivering,2025-09-02,Contínuo,2025-09-02,,,,0,"Usando orçamento da campanha",0,0,0,0,,,,0,,0,0,
2026-07-01,2026-07-21,"CJ 02 [LL [Curitiba] [20+]",not_delivering,2025-09-05,Contínuo,2025-09-05,0,reach,,0,"Usando orçamento da campanha",0,0,0,0,,,,0,,0,0,
2026-07-01,2026-07-21,"CJ 02 [LL 1%] [40km] [20+]",not_delivering,2025-09-18,Contínuo,2025-10-30,0,reach,,0,"Usando orçamento da campanha",0,0,0,0,,,,0,,0,0,
2026-07-01,2026-07-21,"CJ 02 [Remarketing] [40KM]",not_delivering,2025-12-11,Contínuo,2025-12-11,,,,0,50,Diário,0,0,0,,,,0,,0,0,
2026-07-01,2026-07-21,"CJ 03 [LL 2% 90D] [Geo 40km]",inactive,2026-01-02,Contínuo,2026-01-15,,,,0,"Usando orçamento da campanha",0,0,0,0,,,,0,,0,0,
2026-07-01,2026-07-21,"Cj 05 [Aberto] [40km+][RMC] [35-45] — Cópia",inactive,2026-02-24,Contínuo,2026-04-02,,,,0,"Usando orçamento da campanha",0,0,0,0,,,,0,,0,0,
2026-07-01,2026-07-21,"Cj 03 [Remkt] [40KM+] [RMC] — Cópia",inactive,2026-02-24,Contínuo,2026-04-02,,,,0,"Usando orçamento da campanha",0,0,0,0,,,,0,,0,0,
2026-07-01,2026-07-21,"Cj 02 [Público Salvo] — Cópia",inactive,2026-02-24,Contínuo,2026-04-14,,,,0,"Usando orçamento da campanha",0,0,0,0,,,,0,,0,0,
2026-07-01,2026-07-21,"CJ 01 [Interesses] [",not_delivering,2026-02-25,Contínuo,2026-02-25,,,,0,"Usando orçamento da campanha",0,0,0,0,,,,0,,0,0,
2026-07-01,2026-07-21,"CJ - Interesses - mulheres- 23-45 - Carrossel",not_delivering,2026-03-25,Contínuo,2026-03-25,,,,0,"Usando orçamento da campanha",0,0,0,0,,,,0,,0,0,
2026-07-01,2026-07-21,"CJ 02 - Interesses  - 23-45 - Imagens",not_delivering,2026-03-25,Contínuo,2026-03-25,,,,0,"Usando orçamento da campanha",0,0,0,0,,,,0,,0,0,
2026-07-01,2026-07-21,"CJ 05 - INTERESSES  - 23-45 - Imagens",not_delivering,2026-03-25,Contínuo,2026-03-25,,,,0,"Usando orçamento da campanha",0,0,0,0,,,,0,,0,0,
2026-07-01,2026-07-21,"CJ seguidores 90 D - Geo - 18+ - 40km",inactive,2026-03-27,Contínuo,2026-03-30,,,,0,"Usando orçamento da campanha",0,0,0,0,,,,0,,0,0,
2026-07-01,2026-07-21,"CJ ABERTO - 18+ - 40km",not_delivering,2026-03-30,Contínuo,2026-03-30,,,,0,"Usando orçamento da campanha",0,0,0,0,,,,0,,0,0,
2026-07-01,2026-07-21,"CJ 03 [Aberto - 5km] [19+]",not_delivering,2026-04-07,Contínuo,2026-04-10,,,,0,"Usando orçamento da campanha",0,0,0,0,,,,0,,0,0,
2026-07-01,2026-07-21,"Cj 01 [Interesses entreterimento] [40KM+] [RMC] [24+]",not_delivering,2026-04-17,Contínuo,2026-04-17,,,,0,"Usando orçamento da campanha",0,0,0,0,,,,0,,0,0,
2026-07-01,2026-07-21,"CJ 01 [Interesses - 24-44] [Curitiba 40km]",not_delivering,2026-04-23,Contínuo,2026-04-23,,,,0,"Usando orçamento da campanha",0,0,0,0,,,,0,,0,0,
2026-07-01,2026-07-21,"[Interesses] [20+] [Curitiba 40km]",not_delivering,2026-05-14,Contínuo,2026-05-14,,,,0,"Usando orçamento da campanha",0,0,0,0,,,,0,,0,0,
2026-07-01,2026-07-21,"CJ 04 [LL 1%] [Cidades] [25+]",inactive,2024-08-08,Contínuo,2024-08-08,,,,0,"Usando orçamento da campanha",0,0,0,0,,,,0,,0,0,
2026-07-01,2026-07-21,"CJ 02[Interesses] [ Geo - 4km] video",not_delivering,2024-08-09,Contínuo,2024-08-09,,,,0,"Usando orçamento da campanha",0,0,0,0,,,,0,,0,0,
2026-07-01,2026-07-21,"CJ 02 [IRemarketing ] [Geo] [10km]",not_delivering,2024-09-05,Contínuo,2024-09-05,,,,0,"Usando orçamento da campanha",0,0,0,0,,,,0,,0,0,
2026-07-01,2026-07-21,"CJ 01 [Interesses - segmentado] [Curitiba 40km] [30+]",inactive,2024-09-06,Contínuo,2025-08-15,,,,0,"Usando orçamento da campanha",0,0,0,0,,,,0,,0,0,
2026-07-01,2026-07-21,"CJ 02 [interesses]  [18+] Cinema R$13,00",not_delivering,2024-12-18,Contínuo,2024-12-19,,,,0,"Usando orçamento da campanha",0,0,0,0,,,,0,,0,0,
2026-07-01,2026-07-21,"CJ 01 [Interesses] [Geo 5km]",not_delivering,2025-02-17,Contínuo,2025-02-18,,,,0,"Usando orçamento da campanha",0,0,0,0,,,,0,,0,0,
2026-07-01,2026-07-21,"Cj 01 [Seguidores 90D] [40km] [18-65]",not_delivering,2025-05-27,Contínuo,2025-05-27,,,,0,"Usando orçamento da campanha",0,0,0,0,,,,0,,0,0,
2026-07-01,2026-07-21,"CJ 03 [SEGUIDORES] [Geo 5km] [25+]",not_delivering,2025-07-01,Contínuo,2025-08-15,0,reach,,0,"Usando orçamento da campanha",0,0,0,0,,,,0,,0,0,
2026-07-01,2026-07-21,"CJ 04 [Interesses] [Geo 5km] [25+]",not_delivering,2025-07-01,Contínuo,2025-08-15,0,reach,,0,"Usando orçamento da campanha",0,0,0,0,,,,0,,0,0,
2026-07-01,2026-07-21,"Instagram Post",not_delivering,2025-08-07,Contínuo,2025-08-07,,,,0,"Usando orçamento da campanha",0,0,0,0,,,,0,,0,0,
2026-07-01,2026-07-21,"CJ 01 [Remarketing] [40km] [20+]",not_delivering,2025-09-18,Contínuo,2025-10-30,0,reach,,0,"Usando orçamento da campanha",0,0,0,0,,,,0,,0,0,
2026-07-01,2026-07-21,"CJ 01 [ Remarketing] [20+] [CWB 40KM]",not_delivering,2025-12-03,Contínuo,2025-12-26,,,,0,"Usando orçamento da campanha",0,0,0,0,,,,0,,0,0,
2026-07-01,2026-07-21,"CJ 02 [ LL2%] [20+] [CWB 40KM]",not_delivering,2025-12-03,Contínuo,2025-12-26,,,,0,"Usando orçamento da campanha",0,0,0,0,,,,0,,0,0,
2026-07-01,2026-07-21,"CJ 01 [Público advantage] [40KM]",not_delivering,2025-12-11,Contínuo,2025-12-11,,,,0,20,Diário,0,0,0,,,,0,,0,0,
2026-07-01,2026-07-21,"Cj 05 [Interesses] [40km+][RMC] [35-45]",not_delivering,2026-01-07,Contínuo,2026-04-14,,,,0,"Usando orçamento da campanha",0,0,0,0,,,,0,,0,0,
2026-07-01,2026-07-21,"CJ 01 [Vd view]",not_delivering,2026-01-08,Contínuo,2026-01-08,,,,0,"Usando orçamento da campanha",0,0,0,0,,,,0,,0,0,
2026-07-01,2026-07-21,"CJ 01 [ Remarketing] [20+] [CWB 40KM]",not_delivering,2026-02-27,Contínuo,2026-02-27,,,,0,"Usando orçamento da campanha",0,0,0,0,,,,0,,0,0,
2026-07-01,2026-07-21,"CJ 01.1 [ Remarketing] [20+] [CWB 40KM]",not_delivering,2026-02-27,Contínuo,2026-02-27,,,,0,"Usando orçamento da campanha",0,0,0,0,,,,0,,0,0,
2026-07-01,2026-07-21,"CJ 01.2 [ Remarketing] [20+] [CWB 40KM]",not_delivering,2026-02-27,Contínuo,2026-02-27,,,,0,"Usando orçamento da campanha",0,0,0,0,,,,0,,0,0,
2026-07-01,2026-07-21,"CJ 03 [LL 1%] [Geo 20 km] [24+ M] [advantage]",not_delivering,2026-03-12,Contínuo,2026-03-12,,,,0,"Usando orçamento da campanha",0,0,0,0,,,,0,,0,0,
2026-07-01,2026-07-21,"CJ [Interessses]",not_delivering,2026-03-13,Contínuo,2026-03-13,0,reach,,0,20,Diário,0,0,0,,,,0,,0,0,
2026-07-01,2026-07-21,"CJ - Remarketing- 23-45 - Carrossel",not_delivering,2026-03-25,Contínuo,2026-03-25,,,,0,"Usando orçamento da campanha",0,0,0,0,,,,0,,0,0,
2026-07-01,2026-07-21,"CJ 01 [ Interesses - 40km] [24-54]",not_delivering,2026-04-07,Contínuo,2026-04-07,,,,0,"Usando orçamento da campanha",0,0,0,0,,,,0,,0,0,
2026-07-01,2026-07-21,"Cj 02[LL 2%] [40KM+] [RMC] [24+]",not_delivering,2026-04-17,Contínuo,2026-04-17,,,,0,"Usando orçamento da campanha",0,0,0,0,,,,0,,0,0,
2026-07-01,2026-07-21,"[Remarketing] [20+] [Curitiba 40km]",not_delivering,2026-04-29,Contínuo,2026-04-29,,,,0,"Usando orçamento da campanha",0,0,0,0,,,,0,,0,0,
2026-07-01,2026-07-21,"CJ 02 [LL 2%] [10km]",not_delivering,2024-08-15,Contínuo,2024-08-15,,,,0,"Usando orçamento da campanha",0,0,0,0,,,,0,,0,0,
2026-07-01,2026-07-21,"Conjunto 04- [Público de seguidores] [5km]",inactive,2025-01-07,Contínuo,2025-01-09,,,,0,"Usando orçamento da campanha",0,0,0,0,,,,0,,0,0,
2026-07-01,2026-07-21,"CJ 03 [Interesses] [CURITIBA]  [10km]",not_delivering,2025-01-31,Contínuo,2025-01-31,0,reach,,0,"Usando orçamento da campanha",0,0,0,0,,,,0,,0,0,
2026-07-01,2026-07-21,"CJ 01 [LL 2% - 90D] [CURITIBA]  [17km] [novos]",not_delivering,2025-01-31,Contínuo,2025-01-31,0,reach,,0,"Usando orçamento da campanha",0,0,0,0,,,,0,,0,0,
2026-07-01,2026-07-21,"CJ 02 [Interesses] [CURITIBA]  [17km] [novos]",not_delivering,2025-01-31,Contínuo,2025-01-31,0,reach,,0,"Usando orçamento da campanha",0,0,0,0,,,,0,,0,0,
2026-07-01,2026-07-21,"CJ 01[Interesses] [18-50] [5km]",not_delivering,2025-02-03,Contínuo,2025-02-04,,,,0,"Usando orçamento da campanha",0,0,0,0,,,,0,,0,0,
2026-07-01,2026-07-21,"CJ 02- [Seguidores IG - FB 90D] [18-40]",not_delivering,2025-02-03,Contínuo,2025-02-04,,,,0,"Usando orçamento da campanha",0,0,0,0,,,,0,,0,0,
2026-07-01,2026-07-21,"CJ 02 [Seguidores] [Geo 10km]",not_delivering,2025-02-17,Contínuo,2025-02-17,,,,0,"Usando orçamento da campanha",0,0,0,0,,,,0,,0,0,
2026-07-01,2026-07-21,"Cj 03 [INTERESSES - CUPONS E COMPRAS ONLINE] [40KM]",not_delivering,2025-06-17,Contínuo,2025-07-02,,,,0,"Usando orçamento da campanha",0,0,0,0,,,,0,,0,0,
2026-07-01,2026-07-21,"CJ 01 [Seguidores 90D] [40km] [18-65]",not_delivering,2025-06-24,Contínuo,2025-06-24,0,reach,,0,"Usando orçamento da campanha",0,0,0,0,,,,0,,0,0,
2026-07-01,2026-07-21,"Cj 02 [INTERESSES] [18-65] [40km+]",not_delivering,2025-06-24,Contínuo,2025-06-24,0,reach,,0,"Usando orçamento da campanha",0,0,0,0,,,,0,,0,0,
2026-07-01,2026-07-21,"Cj 03 [Remkt] [40KM+] [RMC]",not_delivering,2025-07-23,Contínuo,2026-04-29,,,,0,"Usando orçamento da campanha",0,0,0,0,,,,0,,0,0,
2026-07-01,2026-07-21,"Cj 04 [Interesses] [40km+][RMC]",inactive,2025-07-23,Contínuo,2026-01-08,,,,0,"Usando orçamento da campanha",0,0,0,0,,,,0,,0,0,
2026-07-01,2026-07-21,"CJ 03 [LL] [Curitiba 40km] [20+]",not_delivering,2025-09-25,Contínuo,2025-09-25,,,,0,"Usando orçamento da campanha",0,0,0,0,,,,0,,0,0,
2026-07-01,2026-07-21,"[feminino 30+] [10km]  |Semelhante 1 IG]",not_delivering,2025-10-02,Contínuo,2025-10-02,,,,0,"Usando orçamento da campanha",0,0,0,0,,,,0,,0,0,
2026-07-01,2026-07-21,"CJ 03 [LL] [40KM]",not_delivering,2025-12-11,Contínuo,2025-12-11,,,,0,50,Diário,0,0,0,,,,0,,0,0,
2026-07-01,2026-07-21,"CJ 01.1 [Público Advantage] [Geo 40km]",not_delivering,2026-01-01,Contínuo,2026-01-15,,,,0,"Usando orçamento da campanha",0,0,0,0,,,,0,,0,0,
2026-07-01,2026-07-21,"CJ 02  A/B [Advantage - Cidades] [25-50] [Mulheres] - Imagens",not_delivering,2026-01-28,Contínuo,2026-01-28,,,,0,30,Diário,0,0,0,,,,0,,0,0,
2026-07-01,2026-07-21,"CJ 01 [Interesses] [advantage]",not_delivering,2026-02-25,Contínuo,2026-02-25,,,,0,"Usando orçamento da campanha",0,0,0,0,,,,0,,0,0,
2026-07-01,2026-07-21,"CJ 02 [Aberto] [5km] [25-40]",not_delivering,2026-04-01,Contínuo,2026-04-01,,,,0,"Usando orçamento da campanha",0,0,0,0,,,,0,,0,0,
2026-07-01,2026-07-21,"CJ 03 [Remarketing - 90D] [5km] [25-40]",not_delivering,2026-04-01,Contínuo,2026-04-01,,,,0,"Usando orçamento da campanha",0,0,0,0,,,,0,,0,0,
2026-07-01,2026-07-21,"Cj 01 [Interesses - suplementos] [ Curitiba e RMC] [25 - 55]",not_delivering,2026-04-23,Contínuo,2026-04-24,,,,0,"Usando orçamento da campanha",0,0,0,0,,,,0,,0,0,
2026-07-01,2026-07-21,"CJ 03 - Cwb 40km - Interesses - 24-44",not_delivering,2026-05-06,Contínuo,2026-05-06,,,,0,"Usando orçamento da campanha",0,0,0,0,,,,0,,0,0,
2026-07-01,2026-07-21,"[Remarketing] [20+] [Curitiba 40km]",not_delivering,2026-05-14,Contínuo,2026-05-14,,,,0,"Usando orçamento da campanha",0,0,0,0,,,,0,,0,0,
2026-07-01,2026-07-21,"CJ 01 [Interesses ] [25-45] [Geo 20km]",not_delivering,2026-05-20,Contínuo,2026-05-20,,,,0,"Usando orçamento da campanha",0,0,0,0,,,,0,,0,0,
2026-07-01,2026-07-21,Envolvimento,not_delivering,2015-06-02,Contínuo,2015-06-02,,,,0,10,Diário,0,0,0,,,,0,,0,0,
2026-07-01,2026-07-21,Namorados,not_delivering,2015-06-02,Contínuo,2015-06-02,,,,0,10,Diário,0,0,0,,,,0,,0,0,
2026-07-01,2026-07-21,"Curitiba, PR - 18+",not_delivering,2015-06-25,Contínuo,2015-06-25,,,,0,50,Diário,0,0,0,,,,0,,0,0,
2026-07-01,2026-07-21,"Curitiba, PR - 18-55",not_delivering,2015-10-06,Contínuo,2015-10-06,,,,0,20,Diário,0,0,0,,,,0,,0,0,
2026-07-01,2026-07-21,"Curitiba - 18-55",not_delivering,2016-03-09,Contínuo,2016-03-09,,,,0,50,Diário,0,0,0,,,,0,,0,0,
2026-07-01,2026-07-21,"Curitiba - 18+",not_delivering,2016-05-18,Contínuo,2016-05-18,,,,0,15,Diário,0,0,0,,,,0,,0,0,
2026-07-01,2026-07-21,"Curitiba - 18+",not_delivering,2016-06-29,Contínuo,2016-06-29,,,,0,20,Diário,0,0,0,,,,0,,0,0,
2026-07-01,2026-07-21,"Cadastros lojas_lookalike — público personalizado",inactive,2021-03-10,Contínuo,2024-01-02,,,,0,"Usando orçamento da campanha",0,0,0,0,,,,0,,0,0,
2026-07-01,2026-07-21,"02 Cadastros lojas_público aberto",not_delivering,2022-03-22,Contínuo,2023-12-15,,,,0,"Usando orçamento da campanha",0,0,0,0,,,,0,,0,0,
2026-07-01,2026-07-21,"01 Cadastros lojas_cargos",not_delivering,2022-03-22,Contínuo,2023-12-15,,,,0,"Usando orçamento da campanha",0,0,0,0,,,,0,,0,0,
2026-07-01,2026-07-21,"Cadastros lojas_público aberto_stories",inactive,2022-03-22,Contínuo,2022-11-07,,,,0,"Usando orçamento da campanha",0,0,0,0,,,,0,,0,0,
2026-07-01,2026-07-21,"Cadastros lojas_segm. indicada pelo comercial - OFF",inactive,2023-06-06,Contínuo,2023-12-15,,,,0,"Usando orçamento da campanha",0,0,0,0,,,,0,,0,0,
2026-07-01,2026-07-21,"CLUBE DA PIPOCA",not_delivering,2023-09-01,Contínuo,2023-10-02,0,reach,,0,55.08,Diário,0,0,0,,,,0,,0,0,
2026-07-01,2026-07-21,"CJ 01 [Interesses] [Cidades] [30+]",inactive,2024-08-08,Contínuo,2024-11-27,,,,0,"Usando orçamento da campanha",0,0,0,0,,,,0,,0,0,
2026-07-01,2026-07-21,"CJ 01 [LL 2% - 90D] [CURITIBA]  [17km] [novos]",not_delivering,2024-10-16,Contínuo,2024-10-16,0,reach,,0,"Usando orçamento da campanha",0,0,0,0,,,,0,,0,0,
2026-07-01,2026-07-21,"CJ 02 [Interesse] [5km] [24]",not_delivering,2025-01-07,Contínuo,2025-01-09,,,,0,"Usando orçamento da campanha",0,0,0,0,,,,0,,0,0,
2026-07-01,2026-07-21,"Cj 01 [Interesses] [CURITIBA] [15km]",not_delivering,2025-05-19,Contínuo,2025-05-19,,,,0,"Usando orçamento da campanha",0,0,0,0,,,,0,,0,0,
2026-07-01,2026-07-21,"Cj 03 [90D] [18-65] [40km+]",not_delivering,2025-06-09,Contínuo,2025-06-09,0,reach,,0,"Usando orçamento da campanha",0,0,0,0,,,,0,,0,0,
2026-07-01,2026-07-21,"CJ 01 [Interesses] [Geo 5km] [25+]",not_delivering,2025-07-01,Contínuo,2025-08-15,0,reach,,0,"Usando orçamento da campanha",0,0,0,0,,,,0,,0,0,
2026-07-01,2026-07-21,"CJ 04 [Empreendedorismo] [Curitiba 40km+] [30+]",inactive,2025-07-15,Contínuo,2025-10-28,,,,0,"Usando orçamento da campanha",0,0,0,0,,,,0,,0,0,
2026-07-01,2026-07-21,"CJ 01 [INTERESSES] [Geo 20 km] [24+ M]",not_delivering,2026-03-12,Contínuo,2026-03-12,,,,0,"Usando orçamento da campanha",0,0,0,0,,,,0,,0,0,
2026-07-01,2026-07-21,"CJ 05 - LL 1% - 23-45 - Imagens",not_delivering,2026-03-25,Contínuo,2026-03-25,,,,0,"Usando orçamento da campanha",0,0,0,0,,,,0,,0,0,
2026-07-01,2026-07-21,"CJ 04 [LL1%] [5km] [25-40]",not_delivering,2026-04-01,Contínuo,2026-04-01,,,,0,"Usando orçamento da campanha",0,0,0,0,,,,0,,0,0,
2026-07-01,2026-07-21,"[LL] [20+] [Curitiba 40km]",not_delivering,2026-05-14,Contínuo,2026-05-14,,,,0,"Usando orçamento da campanha",0,0,0,0,,,,0,,0,0,
2026-07-01,2026-07-21,"CJ 03 [Remarketing redes sociais 180D] [25-45] [Curitiba]",not_delivering,2026-05-20,Contínuo,2026-05-20,,,,0,"Usando orçamento da campanha",0,0,0,0,,,,0,,0,0,
2026-07-01,2026-07-21,"US - 18+",not_delivering,2016-12-02,Contínuo,2018-07-01,,,,0,50,Diário,0,0,0,,,,0,,0,0,
2026-07-01,2026-07-21,"BR - 18+",not_delivering,2017-10-24,Contínuo,2020-09-28,,,,0,11,Diário,0,0,0,,,,0,,0,0,
2026-07-01,2026-07-21,"BR - 18+",not_delivering,2019-01-25,Contínuo,2020-09-28,,,,0,60,Diário,0,0,0,,,,0,,0,0,
2026-07-01,2026-07-21,"19 A 24/12_oculos carmim_stories",inactive,2019-12-20,Contínuo,2019-12-26,,,,0,20,Diário,0,0,0,,,,0,,0,0,
2026-07-01,2026-07-21,"VT gastronomia_sem data de termino",not_delivering,2022-01-04,Contínuo,2022-04-19,,,,0,10,Diário,0,0,0,,,,0,,0,0,
2026-07-01,2026-07-21,"Video Serviços_sem data de término",not_delivering,2022-01-05,Contínuo,2022-04-19,,,,0,10,Diário,0,0,0,,,,0,,0,0,
2026-07-01,2026-07-21,"Cinema_Todo mundo paga meia_seg a qua_feed",inactive,2022-01-17,Contínuo,2022-03-18,,,,0,23.02,Diário,0,0,0,,,,0,,0,0,
2026-07-01,2026-07-21,"PALCO ENCANTADO 2022_FEED",not_delivering,2022-04-11,Contínuo,2022-04-19,,,,0,33.33,Diário,0,0,0,,,,0,,0,0,
2026-07-01,2026-07-21,"PALCO ENCANTADO 2022_STORIES",not_delivering,2022-04-19,Contínuo,2022-04-19,,,,0,33.33,Diário,0,0,0,,,,0,,0,0,
2026-07-01,2026-07-21,"Cadastros lojas_segm. interesse_feed",inactive,2022-07-11,Contínuo,2022-11-07,,,,0,"Usando orçamento da campanha",0,0,0,0,,,,0,,0,0,
2026-07-01,2026-07-21,"Cadastros lojas_segm. interesses - OFF",inactive,2022-07-11,Contínuo,2023-12-15,,,,0,"Usando orçamento da campanha",0,0,0,0,,,,0,,0,0,
2026-07-01,2026-07-21,"PROMO CINEMA_REELS",inactive,2022-07-15,Contínuo,2023-05-15,,,,0,10,Diário,0,0,0,,,,0,,0,0,
2026-07-01,2026-07-21,"Troca de figurinhas Copa_feed",inactive,2022-08-24,Contínuo,2023-01-03,,,,0,10,Diário,0,0,0,,,,0,,0,0,
2026-07-01,2026-07-21,"RMKT_SEGUIDORES INSTAGRAM",inactive,2023-01-20,Contínuo,2023-03-10,0,reach,,0,20,Diário,0,0,0,,,,0,,0,0,
2026-07-01,2026-07-21,"CJ 01 [INTERESSES] [GEOLOCALIZADA] [5km]",not_delivering,2023-10-25,Contínuo,2025-09-02,,,,0,"Usando orçamento da campanha",0,0,0,0,,,,0,,0,0,
2026-07-01,2026-07-21,"CJ 02 [INTERESSES] [Curitiba]",not_delivering,2023-10-25,Contínuo,2025-09-02,,,,0,"Usando orçamento da campanha",0,0,0,0,,,,0,,0,0,
2026-07-01,2026-07-21,"CJ 01 - [ABERTO] [1KM] [18-50]",inactive,2023-10-25,Contínuo,2024-11-27,,,,0,"Usando orçamento da campanha",0,0,0,0,,,,0,,0,0,
2026-07-01,2026-07-21,"CJ 02 - [Interesse] [GEO]",not_delivering,2023-10-25,Contínuo,2024-01-03,,,,0,"Usando orçamento da campanha",0,0,0,0,,,,0,,0,0,
2026-07-01,2026-07-21,"CJ 03 - [SEGUIDORES] [Curitiba]",inactive,2023-10-25,Contínuo,2024-11-27,,,,0,"Usando orçamento da campanha",0,0,0,0,,,,0,,0,0,
2026-07-01,2026-07-21,"CJ 04 - [LL1%] [Curitiba] [180D]",not_delivering,2023-10-25,Contínuo,2024-01-03,,,,0,"Usando orçamento da campanha",0,0,0,0,,,,0,,0,0,
2026-07-01,2026-07-21,"CJ 01 [ABERTO] [2KM] [18-40]",not_delivering,2023-10-25,Contínuo,2023-10-25,0,reach,,0,"Usando orçamento da campanha",0,0,0,0,,,,0,,0,0,
2026-07-01,2026-07-21,"CJ 01 [ABERTO] [5KM] [20+]",not_delivering,2023-10-26,Contínuo,2023-10-26,0,reach,,0,"Usando orçamento da campanha",0,0,0,0,,,,0,,0,0,
2026-07-01,2026-07-21,"CJ 02 [REMARKETING]",not_delivering,2023-10-26,Contínuo,2023-10-26,0,reach,,0,"Usando orçamento da campanha",0,0,0,0,,,,0,,0,0,
2026-07-01,2026-07-21,"CJ 03 [LL1%] [180D]",not_delivering,2023-10-26,Contínuo,2023-11-12,0,reach,,0,"Usando orçamento da campanha",0,0,0,0,,,,0,,0,0,
2026-07-01,2026-07-21,"CJ 01 [INTERESSES] [GEOLOCALIZADA] [CARGOS] [25+]",inactive,2023-10-26,Contínuo,2024-06-12,,,,0,"Usando orçamento da campanha",0,0,0,0,,,,0,,0,0,
2026-07-01,2026-07-21,"US - 18+",not_delivering,2016-12-19,Contínuo,2016-12-19,,,,0,15,Diário,0,0,0,,,,0,,0,0,
2026-07-01,2026-07-21,"US - 18+",not_delivering,2016-12-26,Contínuo,2016-12-26,,,,0,20,Diário,0,0,0,,,,0,,0,0,
2026-07-01,2026-07-21,"BR - 18+",not_delivering,2017-11-17,Contínuo,2020-09-28,,,,0,80,Diário,0,0,0,,,,0,,0,0,
2026-07-01,2026-07-21,"Cadastros lojas_lookalike",inactive,2020-09-28,Contínuo,2022-03-24,,,,0,"Usando orçamento da campanha",0,0,0,0,,,,0,,0,0,
2026-07-01,2026-07-21,"Cadastros lojas_lookalike_stories",inactive,2020-11-11,Contínuo,2022-03-24,,,,0,"Usando orçamento da campanha",0,0,0,0,,,,0,,0,0,
2026-07-01,2026-07-21,"HAPPY HOUR_SEG A SÁB._ STORIES",inactive,2021-05-03,Contínuo,2022-02-17,,,,0,6,Diário,0,0,0,,,,0,,0,0,
2026-07-01,2026-07-21,"HAPPY HOUR_SEG A SÁB._ FEED",not_delivering,2021-05-03,Contínuo,2022-08-02,,,,0,50,Diário,0,0,0,,,,0,,0,0,
2026-07-01,2026-07-21,"STORIES_CINEMA 10_SEG A SEX_ORÇ DIÁRIO",inactive,2021-08-31,Contínuo,2021-10-15,0,reach,,0,13.33,Diário,0,0,0,,,,0,,0,0,
2026-07-01,2026-07-21,"FEED_CINEMA 10_SEG A SEX_ORÇ DIÁRIO",inactive,2021-08-31,Contínuo,2021-10-15,0,reach,,0,13.33,Diário,0,0,0,,,,0,,0,0,
2026-07-01,2026-07-21,"feed_PALCO ENCANTADO_até 04/09",inactive,2021-08-31,Contínuo,2021-10-20,0,reach,,0,50,Diário,0,0,0,,,,0,,0,0,
2026-07-01,2026-07-21,"stories_PALCO ENCANTADO_SET/OUT",inactive,2021-09-03,Contínuo,2021-11-09,0,reach,,0,33.33,Diário,0,0,0,,,,0,,0,0,
2026-07-01,2026-07-21,"feed_PALCO ENCANTADO_set/out",inactive,2021-09-04,Contínuo,2021-11-09,0,reach,,0,50,Diário,0,0,0,,,,0,,0,0,
2026-07-01,2026-07-21,"FEED_CINEMA 12_SAB DOM_orç. diário",inactive,2021-11-18,Contínuo,2021-12-01,0,reach,,0,13.33,Diário,0,0,0,,,,0,,0,0,
2026-07-01,2026-07-21,"FEED_todo mundo paga meia_orç. diário",inactive,2021-11-18,Contínuo,2022-03-16,0,reach,,0,13.33,Diário,0,0,0,,,,0,,0,0,
2026-07-01,2026-07-21,"STORIES_CINEMA 12_SAB DOM_orç. diário",inactive,2021-11-18,Contínuo,2021-12-01,0,reach,,0,13.33,Diário,0,0,0,,,,0,,0,0,
2026-07-01,2026-07-21,"STORIES_todo mundo paga meia_orç. diário",inactive,2021-11-18,Contínuo,2022-03-16,0,reach,,0,13.33,Diário,0,0,0,,,,0,,0,0,
2026-07-01,2026-07-21,"happy seg. a sáb._feed",not_delivering,2022-05-04,Contínuo,2023-10-02,,,,0,40.32,Diário,0,0,0,,,,0,,0,0,
2026-07-01,2026-07-21,"VIDEO PÇA",inactive,2022-05-05,Contínuo,2022-10-05,,,,0,16.13,Diário,0,0,0,,,,0,,0,0,
2026-07-01,2026-07-21,"VIDEO serviços_interesses",not_delivering,2022-05-05,Contínuo,2023-11-13,,,,0,29.03,Diário,0,0,0,,,,0,,0,0,
2026-07-01,2026-07-21,"carrossel lojas novas pça",not_delivering,2022-06-06,Contínuo,2023-09-01,0,reach,,0,64.52,Diário,0,0,0,,,,0,,0,0,
2026-07-01,2026-07-21,"Troca de figurinhas Copa_stories",inactive,2022-08-24,Contínuo,2023-01-03,,,,0,7.5,Diário,0,0,0,,,,0,,0,0,
2026-07-01,2026-07-21,"happy seg. a sáb. reels",not_delivering,2022-09-01,Contínuo,2023-10-02,,,,0,40.32,Diário,0,0,0,,,,0,,0,0,
2026-07-01,2026-07-21,"Cinema - todos os dias",inactive,2022-12-07,Contínuo,2023-03-01,0,reach,,0,12.9,Diário,0,0,0,,,,0,,0,0,
2026-07-01,2026-07-21,"VIDEO serviços_públicos rmkt",inactive,2022-12-21,Contínuo,2023-03-01,,,,0,10.14,Diário,0,0,0,,,,0,,0,0,
2026-07-01,2026-07-21,"CLUBE DA PIPOCA",not_delivering,2023-05-08,Contínuo,2023-09-01,,,,0,110.16,Diário,0,0,0,,,,0,,0,0,
2026-07-01,2026-07-21,"Promoção contínua de negócio local da Página Shopping Cidade Curitiba",not_delivering,2017-09-22,Contínuo,2017-10-01,0,reach,,0,2.58,Diário,0,0,0,,,,0,,0,0,
2026-07-01,2026-07-21,"Cadastros lojas_cargos_feed",inactive,2020-08-17,Contínuo,2022-11-08,,,,0,"Usando orçamento da campanha",0,0,0,0,,,,0,,0,0,
2026-07-01,2026-07-21,"CJ 02 [INTERESSES] [CWB 40KM] [30+]",inactive,2023-10-30,Contínuo,2024-06-12,,,,0,"Usando orçamento da campanha",0,0,0,0,,,,0,,0,0,
2026-07-01,2026-07-21,"CJ 03 [REMARKETING] [CIDADES] [25+]",not_delivering,2023-10-30,Contínuo,2024-05-28,,,,0,"Usando orçamento da campanha",0,0,0,0,,,,0,,0,0,
2026-07-01,2026-07-21,"CJ 04 [LL 1%] [Cidades] [25+]",inactive,2023-10-30,Contínuo,2024-06-12,,,,0,"Usando orçamento da campanha",0,0,0,0,,,,0,,0,0,
2026-07-01,2026-07-21,"CJ 01 [ABERTO] [4KM] [18-65+]",not_delivering,2023-10-30,Contínuo,2023-10-30,,,,0,"Usando orçamento da campanha",0,0,0,0,,,,0,,0,0,
2026-07-01,2026-07-21,"CJ 01 [ABERTO] [2KM] [24+]",not_delivering,2023-11-01,Contínuo,2023-11-01,,,,0,"Usando orçamento da campanha",0,0,0,0,,,,0,,0,0,
2026-07-01,2026-07-21,"CJ 02 [ FB] [IG] [SITE] [180D]",not_delivering,2023-11-01,Contínuo,2023-11-01,,,,0,"Usando orçamento da campanha",0,0,0,0,,,,0,,0,0,
2026-07-01,2026-07-21,"CJ 03 [LL 180D]",not_delivering,2023-11-01,Contínuo,2023-11-01,,,,0,"Usando orçamento da campanha",0,0,0,0,,,,0,,0,0,
2026-07-01,2026-07-21,"CJ 01 [LL 1%]",not_delivering,2023-11-01,Contínuo,2023-11-01,,,,0,"Usando orçamento da campanha",0,0,0,0,,,,0,,0,0,
2026-07-01,2026-07-21,"CJ 01 [ ABERTO 2KM]",not_delivering,2023-11-01,Contínuo,2023-11-01,0,reach,,0,"Usando orçamento da campanha",0,0,0,0,,,,0,,0,0,
2026-07-01,2026-07-21,"CJ 01 [ABERTO 2KM]",not_delivering,2023-11-01,Contínuo,2023-11-01,0,reach,,0,"Usando orçamento da campanha",0,0,0,0,,,,0,,0,0,
2026-07-01,2026-07-21,"CJ 02 [Remarketing] [Curitiba]",not_delivering,2023-11-01,Contínuo,2023-11-01,0,reach,,0,"Usando orçamento da campanha",0,0,0,0,,,,0,,0,0,
2026-07-01,2026-07-21,"CJ 01 [INTERESSES] [CIDADES] [25+] [Cargos]",inactive,2023-11-10,Contínuo,2025-01-27,,,,0,"Usando orçamento da campanha",0,0,0,0,,,,0,,0,0,
2026-07-01,2026-07-21,"CJ 02 [Geo] [LL 5%] [25+]",not_delivering,2023-11-12,Contínuo,2025-07-04,,,,0,"Usando orçamento da campanha",0,0,0,0,,,,0,,0,0,
2026-07-01,2026-07-21,"CJ 01 [ABERTO] [2KM] [30+]",not_delivering,2023-11-13,Contínuo,2023-12-07,,,,0,"Usando orçamento da campanha",0,0,0,0,,,,0,,0,0,
2026-07-01,2026-07-21,"CJ 01 [Interesses] [5KM] [18-65+]",not_delivering,2023-11-13,Contínuo,2023-11-13,0,reach,,0,20,Diário,0,0,0,,,,0,,0,0,
2026-07-01,2026-07-21,"CJ 01 [ABERTO] [ 4kM]",not_delivering,2023-11-14,Contínuo,2023-11-28,,,,0,"Usando orçamento da campanha",0,0,0,0,,,,0,,0,0,
2026-07-01,2026-07-21,"CJ 02 [Seguidores] [Geo]",not_delivering,2023-11-14,Contínuo,2023-11-20,,,,0,"Usando orçamento da campanha",0,0,0,0,,,,0,,0,0,
2026-07-01,2026-07-21,"CJ 03 [IG 30D] [CURITIBA]",not_delivering,2023-11-14,Contínuo,2025-02-18,0,reach,,0,"Usando orçamento da campanha",0,0,0,0,,,,0,,0,0,
2026-07-01,2026-07-21,"CJ 03 [Formulário 90D] [LL1%]",not_delivering,2023-11-16,Contínuo,2026-04-14,,,,0,"Usando orçamento da campanha",0,0,0,0,,,,0,,0,0,
2026-07-01,2026-07-21,"CJ 04 [INTERESSES - Propreitário] [25+] [CWB Região metropolitana]",inactive,2023-11-16,Contínuo,2025-01-27,,,,0,"Usando orçamento da campanha",0,0,0,0,,,,0,,0,0,
2026-07-01,2026-07-21,"CJ 02 [Interesses] [6KM]",not_delivering,2023-11-20,Contínuo,2023-11-20,,,,0,"Usando orçamento da campanha",0,0,0,0,,,,0,,0,0,
2026-07-01,2026-07-21,"02 Cadastros lojas_público aberto",not_delivering,2023-11-23,Contínuo,2023-11-27,,,,0,"Usando orçamento da campanha",0,0,0,0,,,,0,,0,0,
2026-07-01,2026-07-21,"CJ 02 [Interesses [CWB 20KM] [30+]",not_delivering,2023-11-28,Contínuo,2023-12-15,,,,0,"Usando orçamento da campanha",0,0,0,0,,,,0,,0,0,
2026-07-01,2026-07-21,"CJ [ Interesses] [CURITIBA] [30+]",not_delivering,2023-11-22,Contínuo,2023-11-27,,,,0,50,Diário,0,0,0,,,,0,,0,0,
2026-07-01,2026-07-21,"CJ 01 [ABERTO] [4KM] [H/M18+]",not_delivering,2023-11-22,Contínuo,2023-11-24,,,,0,50,Diário,0,0,0,,,,0,,0,0,
2026-07-01,2026-07-21,"01 Cadastros lojas_cargos",not_delivering,2023-11-23,Contínuo,2023-11-27,,,,0,"Usando orçamento da campanha",0,0,0,0,,,,0,,0,0,
2026-07-01,2026-07-21,"CJ [ Interesses] [CURITIBA] [30+] Teste A/B",not_delivering,2023-11-27,Contínuo,2023-11-27,,,,0,50,Diário,0,0,0,,,,0,,0,0,
2026-07-01,2026-07-21,"CJ 01 [LL] [CWB 20KM] [30+]",not_delivering,2023-11-27,Contínuo,2023-11-28,,,,0,"Usando orçamento da campanha",0,0,0,0,,,,0,,0,0,
2026-07-01,2026-07-21,"CJ 01 [ABERTO] [ 2kM]",not_delivering,2023-11-28,Contínuo,2024-08-26,0,reach,,0,"Usando orçamento da campanha",0,0,0,0,,,,0,,0,0,
2026-07-01,2026-07-21,"CJ 02 [Seguidores] [Geo]",not_delivering,2023-11-28,Contínuo,2024-02-01,0,reach,,0,"Usando orçamento da campanha",0,0,0,0,,,,0,,0,0,
2026-07-01,2026-07-21,"CJ 01[Interesses] [Cwb] [30+]",not_delivering,2023-12-07,Contínuo,2023-12-08,,,,0,50,Diário,0,0,0,,,,0,,0,0,
2026-07-01,2026-07-21,"CA 13 [ADVANCE] [LOJA] [INTERESSES - VESTUÁRIOS] Conjunto de anúncios",not_delivering,2023-12-07,Contínuo,2024-01-22,,,,0,50,Diário,0,0,0,,,,0,,0,0,
2026-07-01,2026-07-21,"CJ 01 [LL1%] [10KM] [20+]",not_delivering,2023-12-14,Contínuo,2024-03-15,,,,0,"Usando orçamento da campanha",0,0,0,0,,,,0,,0,0,
2026-07-01,2026-07-21,"CJ 01 [ABERTO-INTERESSES] [25+] [6KM]",not_delivering,2023-12-20,Contínuo,2023-12-29,,,,0,"Usando orçamento da campanha",0,0,0,0,,,,0,,0,0,
2026-07-01,2026-07-21,"CJ 02 [REMARKETING -MARATONAKIDS]",not_delivering,2023-12-20,Contínuo,2023-12-29,,,,0,"Usando orçamento da campanha",0,0,0,0,,,,0,,0,0,
2026-07-01,2026-07-21,"CJ 01 [Aberto] [2km] [18+]",not_delivering,2023-12-27,Contínuo,2023-12-27,0,reach,,0,"Usando orçamento da campanha",0,0,0,0,,,,0,,0,0,
2026-07-01,2026-07-21,"CJ 01",not_delivering,2023-12-28,Contínuo,2023-12-28,,,,0,"Usando orçamento da campanha",0,0,0,0,,,,0,,0,0,
2026-07-01,2026-07-21,"CJ 01 [INTERESSES]  [MUlheres] [Cargos][25+] [Curitiba 40km]",not_delivering,2023-12-28,Contínuo,2024-01-22,,,,0,"Usando orçamento da campanha",0,0,0,0,,,,0,,0,0,
2026-07-01,2026-07-21,"CJ 02 [INTERESSES [cargos]] [GEOLOCALIZADA] [SHOPPING]",not_delivering,2023-12-28,Contínuo,2024-01-22,,,,0,"Usando orçamento da campanha",0,0,0,0,,,,0,,0,0,
2026-07-01,2026-07-21,"CJ 02 [Interess] [5KM] [Mulheres 30+]",not_delivering,2023-12-28,Contínuo,2024-03-15,,,,0,"Usando orçamento da campanha",0,0,0,0,,,,0,,0,0,
2026-07-01,2026-07-21,"CJ 01 [Interesses] [Curitiba] [20+]",not_delivering,2024-01-01,Contínuo,2026-01-19,,,,0,"Usando orçamento da campanha",0,0,0,0,,,,0,,0,0,
2026-07-01,2026-07-21,"CJ 02  [GEOLOCALIZADA] [LL 2% LP]",not_delivering,2024-01-02,Contínuo,2024-05-28,,,,0,"Usando orçamento da campanha",0,0,0,0,,,,0,,0,0,
2026-07-01,2026-07-21,"CJ 01 [INTERESSES - CARGOS 6] [GEOLOCALIZADA] [25+]",inactive,2024-01-02,Contínuo,2024-05-16,,,,0,"Usando orçamento da campanha",0,0,0,0,,,,0,,0,0,
2026-07-01,2026-07-21,"CJ 02 [Interesses [CWB 20KM] [30+]",not_delivering,2024-01-02,Contínuo,2024-01-02,,,,0,"Usando orçamento da campanha",0,0,0,0,,,,0,,0,0,
2026-07-01,2026-07-21,"CJ 01 [Remarketing] [Geo] [25+]",inactive,2024-01-02,Contínuo,2024-01-09,,,,0,"Usando orçamento da campanha",0,0,0,0,,,,0,,0,0,
2026-07-01,2026-07-21,"CJ 01 [LL%] [Geo] [25+]",not_delivering,2024-01-02,Contínuo,2024-01-04,,,,0,"Usando orçamento da campanha",0,0,0,0,,,,0,,0,0,
2026-07-01,2026-07-21,"CJ 01 [Interesses] [Geo] [30+]",not_delivering,2024-01-04,Contínuo,2024-01-04,,,,0,"Usando orçamento da campanha",0,0,0,0,,,,0,,0,0,
2026-07-01,2026-07-21,"CJ 02 [LL LP] [Curitiba] [30+] [ 40km]",not_delivering,2024-01-04,Contínuo,2024-01-04,,,,0,"Usando orçamento da campanha",0,0,0,0,,,,0,,0,0,
2026-07-01,2026-07-21,"CJ 01 [ABERTO] [2KM] 18+]",not_delivering,2024-01-05,Contínuo,2024-01-05,0,reach,,0,"Usando orçamento da campanha",0,0,0,0,,,,0,,0,0,
2026-07-01,2026-07-21,"CA 28 [Lojas]  [Vestuário ] [10/1/2024] Conjunto de anúncios",not_delivering,2024-01-10,Contínuo,2024-01-22,,,,0,30,Diário,0,0,0,,,,0,,0,0,
2026-07-01,2026-07-21,"CA 29 [Lojas] [ Franquias] 01.10 Conjunto de anúncios",not_delivering,2024-01-10,Contínuo,2024-01-22,,,,0,30,Diário,0,0,0,,,,0,,0,0,
2026-07-01,2026-07-21,"CA 30 [Vestuário Infantil] [ 30+] Conjunto de anúncios",not_delivering,2024-01-10,Contínuo,2024-01-10,,,,0,20,Diário,0,0,0,,,,0,,0,0,
2026-07-01,2026-07-21,"CJ 01 [Aberto] [4km] Reels",not_delivering,2024-01-19,Contínuo,2024-02-29,0,reach,,0,"Usando orçamento da campanha",0,0,0,0,,,,0,,0,0,
2026-07-01,2026-07-21,"CJ 03 [Interesse] [ 4kM]",not_delivering,2024-01-19,Contínuo,2024-01-19,0,reach,,0,"Usando orçamento da campanha",0,0,0,0,,,,0,,0,0,
2026-07-01,2026-07-21,"CJ 01 [ Remarketing] [25+] [CWB 40KM]",not_delivering,2024-01-23,Contínuo,2024-01-23,,,,0,"Usando orçamento da campanha",0,0,0,0,,,,0,,0,0,
2026-07-01,2026-07-21,"CJ 02 [Interesses] [25+] [CWB 40KM]",not_delivering,2024-01-23,Contínuo,2024-01-23,,,,0,"Usando orçamento da campanha",0,0,0,0,,,,0,,0,0,
2026-07-01,2026-07-21,"CJ 01 [CWB 40KM] [LL2% LP]",not_delivering,2024-01-23,Contínuo,2024-04-30,,,,0,"Usando orçamento da campanha",0,0,0,0,,,,0,,0,0,
2026-07-01,2026-07-21,"CJ 01 [ABERTO] [ 2kM] [18-40]",not_delivering,2024-01-24,Contínuo,2024-01-25,0,reach,,0,"Usando orçamento da campanha",0,0,0,0,,,,0,,0,0,
2026-07-01,2026-07-21,"CJ 02 [Remarketing 180D]",not_delivering,2024-01-24,Contínuo,2024-01-25,0,reach,,0,"Usando orçamento da campanha",0,0,0,0,,,,0,,0,0,
2026-07-01,2026-07-21,"CJ 01 [Geo] [20+] [Interesses]",not_delivering,2024-01-25,Contínuo,2024-01-25,,,,0,"Usando orçamento da campanha",0,0,0,0,,,,0,,0,0,
2026-07-01,2026-07-21,"CJ 02 [LL LP] [20+] [CWB 40KM]",not_delivering,2024-01-25,Contínuo,2024-01-25,,,,0,"Usando orçamento da campanha",0,0,0,0,,,,0,,0,0,
2026-07-01,2026-07-21,"CJ 01 [INTERESSES] [Bairros] [30+]",not_delivering,2024-01-26,Contínuo,2024-01-26,,,,0,"Usando orçamento da campanha",0,0,0,0,,,,0,,0,0,
2026-07-01,2026-07-21,"CJ 02 [INTERESSES - Cargos] [Bairros] [25+]",not_delivering,2024-01-26,Contínuo,2024-01-26,,,,0,"Usando orçamento da campanha",0,0,0,0,,,,0,,0,0,
2026-07-01,2026-07-21,"CJ 02 [Remarketing] [Curitiba 40km] [20+]",not_delivering,2024-01-30,Contínuo,2025-09-25,,,,0,"Usando orçamento da campanha",0,0,0,0,,,,0,,0,0,
2026-07-01,2026-07-21,"CJ 02 [Remarketing ] [LP Comercila] [LL5%]",not_delivering,2024-02-05,Contínuo,2024-02-14,,,,0,"Usando orçamento da campanha",0,0,0,0,,,,0,,0,0,
2026-07-01,2026-07-21,"CJ 03 [LL 5% Formulário 90 D] [Formulário 90D] [25+]",not_delivering,2024-02-05,Contínuo,2024-02-14,,,,0,"Usando orçamento da campanha",0,0,0,0,,,,0,,0,0,
2026-07-01,2026-07-21,"CJ 01 [INTERESSES INVESTIMENTO] [CWB 40KM] [30+]",not_delivering,2024-02-05,Contínuo,2024-02-05,,,,0,"Usando orçamento da campanha",0,0,0,0,,,,0,,0,0,
2026-07-01,2026-07-21,"CA [Loja] [Advantage] 14/2/2024 Conjunto de anúncios",not_delivering,2024-02-14,Contínuo,2024-02-14,,,,0,50,Diário,0,0,0,,,,0,,0,0,
2026-07-01,2026-07-21,"CJ 02 [Aberto] [4km] Carrossel",not_delivering,2024-02-21,Contínuo,2024-02-23,0,reach,,0,"Usando orçamento da campanha",0,0,0,0,,,,0,,0,0,
2026-07-01,2026-07-21,"CJ 04 [Remarketing] [Vd View] [LL 4%] [CWB 40km]",not_delivering,2024-02-28,Contínuo,2024-02-28,,,,0,"Usando orçamento da campanha",0,0,0,0,,,,0,,0,0,
2026-07-01,2026-07-21,"CJ 03 [VD View] [LL4%] [Geo]",not_delivering,2024-02-28,Contínuo,2024-02-28,,,,0,"Usando orçamento da campanha",0,0,0,0,,,,0,,0,0,
2026-07-01,2026-07-21,"NOME CONJUNTO",not_delivering,2024-03-04,Contínuo,2024-03-04,,,,0,"Usando orçamento da campanha",0,0,0,0,,,,0,,0,0,
2026-07-01,2026-07-21,"CJ 01 [INTERESSES INVESTIMENTO] [CWB 40KM] [30+]",not_delivering,2024-03-06,Contínuo,2024-03-06,,,,0,"Usando orçamento da campanha",0,0,0,0,,,,0,,0,0,
2026-07-01,2026-07-21,"CJ 01 [ABERTO] [ 2kM] [18+] [MuLheres]",not_delivering,2024-03-06,Contínuo,2024-03-06,,,,0,"Usando orçamento da campanha",0,0,0,0,,,,0,,0,0,
2026-07-01,2026-07-21,"CJ 02  [Interesses] [ 5kM] [18+] [Mulheres]",not_delivering,2024-03-06,Contínuo,2024-03-06,,,,0,"Usando orçamento da campanha",0,0,0,0,,,,0,,0,0,
2026-07-01,2026-07-21,"CJ 03  [LL] [Curitiba]",not_delivering,2024-03-06,Contínuo,2024-03-06,,,,0,"Usando orçamento da campanha",0,0,0,0,,,,0,,0,0,
2026-07-01,2026-07-21,"CJ 01 [CWB 40KM] [Remarketing] [30+]",not_delivering,2024-03-14,Contínuo,2024-03-14,,,,0,"Usando orçamento da campanha",0,0,0,0,,,,0,,0,0,
2026-07-01,2026-07-21,"CJ 02 [CWB 40KM] [LL5%] [30+]",not_delivering,2024-03-14,Contínuo,2024-03-14,,,,0,"Usando orçamento da campanha",0,0,0,0,,,,0,,0,0,
2026-07-01,2026-07-21,"CJ 03  [LL] [Curitiba]",not_delivering,2024-03-14,Contínuo,2024-03-14,,,,0,"Usando orçamento da campanha",0,0,0,0,,,,0,,0,0,
2026-07-01,2026-07-21,"CJ 01 [ABERTO] [ 2kM] [18+] [MuLheres]",not_delivering,2024-03-14,Contínuo,2024-03-14,,,,0,"Usando orçamento da campanha",0,0,0,0,,,,0,,0,0,
2026-07-01,2026-07-21,"CJ 02  [Interesses] [ 5kM] [18+] [Mulheres]",not_delivering,2024-03-14,Contínuo,2024-03-14,,,,0,"Usando orçamento da campanha",0,0,0,0,,,,0,,0,0,
2026-07-01,2026-07-21,"CJ 01 [ABERTO] [ 2kM] [18+] [MuLheres]",not_delivering,2024-03-15,Contínuo,2024-03-15,0,reach,,0,"Usando orçamento da campanha",0,0,0,0,,,,0,,0,0,
2026-07-01,2026-07-21,"CJ 01 [Interesses] [10km] [25-40]",not_delivering,2024-03-21,Contínuo,2024-03-21,,,,0,"Usando orçamento da campanha",0,0,0,0,,,,0,,0,0,
2026-07-01,2026-07-21,"CJ 02 [Remarketing] [10km] [Site. IG. FB]",not_delivering,2024-03-21,Contínuo,2024-03-21,,,,0,"Usando orçamento da campanha",0,0,0,0,,,,0,,0,0,
2026-07-01,2026-07-21,"CJ 03 [LL 1%] [10km] [Site. IG. FB]",not_delivering,2024-03-21,Contínuo,2024-03-21,,,,0,"Usando orçamento da campanha",0,0,0,0,,,,0,,0,0,
2026-07-01,2026-07-21,"CJ 02 [CWB 40KM] [INTERESSES]",not_delivering,2024-03-28,Contínuo,2024-04-30,,,,0,"Usando orçamento da campanha",0,0,0,0,,,,0,,0,0,
2026-07-01,2026-07-21,"CJ 03 [CWB 40KM] [INTERESSES CARGOS]",not_delivering,2024-03-28,Contínuo,2024-04-30,,,,0,"Usando orçamento da campanha",0,0,0,0,,,,0,,0,0,
2026-07-01,2026-07-21,"CJ 05 [Remarketing] [Cwb 40km] [25+]",inactive,2024-03-28,Contínuo,2025-01-27,,,,0,"Usando orçamento da campanha",0,0,0,0,,,,0,,0,0,
2026-07-01,2026-07-21,"CJ 01 [INTERESSES] [BOTA FORA]",not_delivering,2024-04-05,Contínuo,2024-04-05,0,reach,,0,"Usando orçamento da campanha",0,0,0,0,,,,0,,0,0,
2026-07-01,2026-07-21,"CJ 02 [INTERESSES] [18+] [10KM] - carrossel",not_delivering,2024-04-05,Contínuo,2024-04-05,0,reach,,0,"Usando orçamento da campanha",0,0,0,0,,,,0,,0,0,
2026-07-01,2026-07-21,"CJ 02 [INTERESSES] [18+] [10KM]  Videos",not_delivering,2024-04-05,Contínuo,2024-04-05,0,reach,,0,"Usando orçamento da campanha",0,0,0,0,,,,0,,0,0,
2026-07-01,2026-07-21,"CJ 01 [ABERTO] [18+] [2KM]  Videos",not_delivering,2024-04-05,Contínuo,2024-04-05,0,reach,,0,"Usando orçamento da campanha",0,0,0,0,,,,0,,0,0,
2026-07-01,2026-07-21,"CJ 01 [ABERTO] [18+] [2KM] - carrossel",not_delivering,2024-04-05,Contínuo,2024-04-05,0,reach,,0,"Usando orçamento da campanha",0,0,0,0,,,,0,,0,0,
2026-07-01,2026-07-21,"CJ 03 [LL 2%] [18+] [10KM] - carrossel",not_delivering,2024-04-05,Contínuo,2024-04-05,0,reach,,0,"Usando orçamento da campanha",0,0,0,0,,,,0,,0,0,
2026-07-01,2026-07-21,"CJ 03 [LL2%] [18+] [10KM]  Videos",not_delivering,2024-04-05,Contínuo,2024-04-05,0,reach,,0,"Usando orçamento da campanha",0,0,0,0,,,,0,,0,0,
2026-07-01,2026-07-21,"CJ 01 [REMARKETING]",not_delivering,2024-04-12,Contínuo,2024-04-12,0,reach,,0,"Usando orçamento da campanha",0,0,0,0,,,,0,,0,0,
2026-07-01,2026-07-21,"CJ 02 [iNTERESSES] [MULHERES] 20-40] [5km]",not_delivering,2024-04-12,Contínuo,2024-04-12,0,reach,,0,"Usando orçamento da campanha",0,0,0,0,,,,0,,0,0,
2026-07-01,2026-07-21,"CJ 03 [LL 1% ] [CWB]",not_delivering,2024-04-12,Contínuo,2024-04-12,0,reach,,0,"Usando orçamento da campanha",0,0,0,0,,,,0,,0,0,
2026-07-01,2026-07-21,"CJ 01 [ABERTO] [ 2kM]",not_delivering,2024-04-22,Contínuo,2024-04-22,0,reach,,0,"Usando orçamento da campanha",0,0,0,0,,,,0,,0,0,
2026-07-01,2026-07-21,"CJ 03 [Interesse] [ 4kM]",not_delivering,2024-04-22,Contínuo,2024-04-22,0,reach,,0,"Usando orçamento da campanha",0,0,0,0,,,,0,,0,0,
2026-07-01,2026-07-21,"CJ 02 [Seguidores] [Geo]",not_delivering,2024-04-22,Contínuo,2024-04-22,0,reach,,0,"Usando orçamento da campanha",0,0,0,0,,,,0,,0,0,
2026-07-01,2026-07-21,"CJ 06 [Formulário 90D] [LL1%] Novos criativos",inactive,2024-04-24,Contínuo,2025-01-27,,,,0,"Usando orçamento da campanha",0,0,0,0,,,,0,,0,0,
2026-07-01,2026-07-21,"CJ 03  [GEOLOCALIZADA] [LL 2% LP] Abril",inactive,2024-04-24,Contínuo,2024-05-07,,,,0,"Usando orçamento da campanha",0,0,0,0,,,,0,,0,0,
2026-07-01,2026-07-21,"CJ 01 [Rustikos] [ Aberto 2kM]",not_delivering,2024-04-24,Contínuo,2024-04-25,0,reach,,0,"Usando orçamento da campanha",0,0,0,0,,,,0,,0,0,
2026-07-01,2026-07-21,"CJ 02 [Di Frango] [ LL 5KM]",not_delivering,2024-04-25,Contínuo,2024-04-25,0,reach,,0,"Usando orçamento da campanha",0,0,0,0,,,,0,,0,0,
2026-07-01,2026-07-21,"CJ 03 [Guta Batata] [ LL 5KM]",not_delivering,2024-04-25,Contínuo,2024-04-25,0,reach,,0,"Usando orçamento da campanha",0,0,0,0,,,,0,,0,0,
2026-07-01,2026-07-21,"CJ 05 [Crepfy] [ Aberto 2kM]",not_delivering,2024-04-25,Contínuo,2024-04-25,0,reach,,0,"Usando orçamento da campanha",0,0,0,0,,,,0,,0,0,
2026-07-01,2026-07-21,"CJ 04 [Energia Tropical] [ LL 5KM]",not_delivering,2024-04-25,Contínuo,2024-04-25,0,reach,,0,"Usando orçamento da campanha",0,0,0,0,,,,0,,0,0,
2026-07-01,2026-07-21,"CJ 06 [Padokita] [ Aberto 2kM]",not_delivering,2024-04-25,Contínuo,2024-04-25,0,reach,,0,"Usando orçamento da campanha",0,0,0,0,,,,0,,0,0,
2026-07-01,2026-07-21,"CJ 06 [Padokita] [ Remarketing 10M]",not_delivering,2024-04-25,Contínuo,2024-04-25,0,reach,,0,"Usando orçamento da campanha",0,0,0,0,,,,0,,0,0,
2026-07-01,2026-07-21,"CJ 01 [Rustikos] [ Reamrketing 10kM]",not_delivering,2024-04-25,Contínuo,2024-04-25,0,reach,,0,"Usando orçamento da campanha",0,0,0,0,,,,0,,0,0,
2026-07-01,2026-07-21,"CJ 02 [Di Frango] [ Remarketing 10KM]",not_delivering,2024-04-25,Contínuo,2024-04-25,0,reach,,0,"Usando orçamento da campanha",0,0,0,0,,,,0,,0,0,
2026-07-01,2026-07-21,"CJ 04 [Energia Tropical] [ Remarketing 10km]",not_delivering,2024-04-25,Contínuo,2024-04-25,0,reach,,0,"Usando orçamento da campanha",0,0,0,0,,,,0,,0,0,
2026-07-01,2026-07-21,"CJ 05 [Crepfy] [ Remarketing 10km]",not_delivering,2024-04-25,Contínuo,2024-04-25,0,reach,,0,"Usando orçamento da campanha",0,0,0,0,,,,0,,0,0,
2026-07-01,2026-07-21,"CJ 03 [Guta Batata] [ Remarketing 10KM]",not_delivering,2024-04-25,Contínuo,2024-04-25,0,reach,,0,"Usando orçamento da campanha",0,0,0,0,,,,0,,0,0,
2026-07-01,2026-07-21,"CJ 02 [LL 5%] Novos criativos [ Cidades]",inactive,2024-04-26,Contínuo,2025-01-27,,,,0,"Usando orçamento da campanha",0,0,0,0,,,,0,,0,0,
2026-07-01,2026-07-21,"CJ 07[Interesses - Empreendedorismo]  [28+] [20KM]",not_delivering,2024-05-15,Contínuo,2025-03-18,,,,0,"Usando orçamento da campanha",0,0,0,0,,,,0,,0,0,
2026-07-01,2026-07-21,"CJ 01 [INTERESSES] [18+] [10KM] [POSICIONAMENTO ADVANTAGE]",not_delivering,2024-05-23,Contínuo,2024-05-23,,,,0,"Usando orçamento da campanha",0,0,0,0,,,,0,,0,0,
2026-07-01,2026-07-21,"CJ 02 [INTERESSES] [18+] [10KM] [POSICIONAMENTO ADVANTAGE] — Cópia",not_delivering,2024-05-23,Contínuo,2024-05-23,,,,0,"Usando orçamento da campanha",0,0,0,0,,,,0,,0,0,
2026-07-01,2026-07-21,"CJ 02 [LL] [18+] [10KM] [POSICIONAMENTO ADVANTAGE] — Cópia",not_delivering,2024-05-23,Contínuo,2024-05-23,,,,0,"Usando orçamento da campanha",0,0,0,0,,,,0,,0,0,
2026-07-01,2026-07-21,"CJ 01 [Remarketing] [18+] [10KM] [POSICIONAMENTO ADVANTAGE]",not_delivering,2024-05-23,Contínuo,2024-05-23,,,,0,"Usando orçamento da campanha",0,0,0,0,,,,0,,0,0,
2026-07-01,2026-07-21,"CJ 01 [Interesse varejistas] [5km] [Posicionamento advantage]",not_delivering,2024-05-31,Contínuo,2024-06-06,0,reach,,0,"Usando orçamento da campanha",0,0,0,0,,,,0,,0,0,
2026-07-01,2026-07-21,"CJ 02 [Remarketing] [10km] [Posicionamento advantage]",not_delivering,2024-05-31,Contínuo,2024-05-31,0,reach,,0,"Usando orçamento da campanha",0,0,0,0,,,,0,,0,0,
2026-07-01,2026-07-21,"CJ 03 [LL] [10km] [Posicionamento advantage]",not_delivering,2024-05-31,Contínuo,2024-06-07,0,reach,,0,"Usando orçamento da campanha",0,0,0,0,,,,0,,0,0,
2026-07-01,2026-07-21,"CJ 01 [Remarketing] [Curitiba 40km] [25 -55]",inactive,2024-06-12,Contínuo,2024-06-25,,,,0,"Usando orçamento da campanha",0,0,0,0,,,,0,,0,0,
2026-07-01,2026-07-21,"CJ 02 [LL ] [Curitiba 40km]  [25-55]",not_delivering,2024-06-12,Contínuo,2024-06-12,,,,0,"Usando orçamento da campanha",0,0,0,0,,,,0,,0,0,
2026-07-01,2026-07-21,"CJ 03 [Interesses] [Curitiba 40km] [25 -55]",not_delivering,2024-06-12,Contínuo,2024-06-12,,,,0,"Usando orçamento da campanha",0,0,0,0,,,,0,,0,0,
2026-07-01,2026-07-21,"CJ 06 [Padokita] [5KM] [INTERESSE RMK]",not_delivering,2024-06-25,Contínuo,2025-06-16,0,reach,,0,"Usando orçamento da campanha",0,0,0,0,,,,0,,0,0,
2026-07-01,2026-07-21,"CJ 04 - 25/06 [Energia Tropical] [8KM] [INTERESSE]",not_delivering,2024-06-25,Contínuo,2025-06-16,0,reach,,0,"Usando orçamento da campanha",0,0,0,0,,,,0,,0,0,
2026-07-01,2026-07-21,"CJ 02 - 25/06 [Di Frango] [8KM] [INTERESSE]",not_delivering,2024-06-25,Contínuo,2025-06-16,0,reach,,0,"Usando orçamento da campanha",0,0,0,0,,,,0,,0,0,
2026-07-01,2026-07-21,"CJ 01 - 25/06 [Rustikos]  [5KM] [INTERESSE]",not_delivering,2024-06-25,Contínuo,2025-06-16,0,reach,,0,"Usando orçamento da campanha",0,0,0,0,,,,0,,0,0,
2026-07-01,2026-07-21,"CJ 03 - 25/06 [Guta Batata] [8KM] [INTERESSE]",not_delivering,2024-06-25,Contínuo,2025-06-16,0,reach,,0,"Usando orçamento da campanha",0,0,0,0,,,,0,,0,0,
2026-07-01,2026-07-21,"CJ 05 - 25/06  [Crepfy]  [5KM] [INTERESSE]",not_delivering,2024-06-25,Contínuo,2025-06-16,0,reach,,0,"Usando orçamento da campanha",0,0,0,0,,,,0,,0,0,
2026-07-01,2026-07-21,"CJ 04 [LL 1%] [Cidades] [25+]",not_delivering,2024-06-27,Contínuo,2024-06-27,,,,0,"Usando orçamento da campanha",0,0,0,0,,,,0,,0,0,
2026-07-01,2026-07-21,"CJ 03 [LL 2%] [leads e LP] [Curitiba 40km] [25+]",not_delivering,2024-06-27,Contínuo,2024-06-27,,,,0,"Usando orçamento da campanha",0,0,0,0,,,,0,,0,0,
2026-07-01,2026-07-21,"CJ 01 [INTERESSES] [GEOLOCALIZADA] [CARGOS] [25- 50]",not_delivering,2024-06-27,Contínuo,2024-06-27,,,,0,"Usando orçamento da campanha",0,0,0,0,,,,0,,0,0,
2026-07-01,2026-07-21,"CJ 02 [INTERESSES] [CWB 40KM] [30+]",not_delivering,2024-06-27,Contínuo,2024-06-27,,,,0,"Usando orçamento da campanha",0,0,0,0,,,,0,,0,0,
2026-07-01,2026-07-21,"CJ 01 - Oferta da semana [8KM] [INTERESSE]",not_delivering,2024-07-11,Contínuo,2024-07-19,,,,0,"Usando orçamento da campanha",0,0,0,0,,,,0,,0,0,
2026-07-01,2026-07-21,"CJ 05 [INTERESSES] [GEOLOCALIZADA - 2] [CARGOS] [25- 50]",not_delivering,2024-07-11,Contínuo,2024-07-11,,,,0,"Usando orçamento da campanha",0,0,0,0,,,,0,,0,0,
2026-07-01,2026-07-21,"CJ 04 [Interesses] [Curitiba 40km] [25 -55]",not_delivering,2024-07-11,Contínuo,2024-07-11,,,,0,"Usando orçamento da campanha",0,0,0,0,,,,0,,0,0,
2026-07-01,2026-07-21,"CJ 01 [Interesses] [10km] [20+]",not_delivering,2024-07-19,Contínuo,2024-07-19,,,,0,"Usando orçamento da campanha",0,0,0,0,,,,0,,0,0,
2026-07-01,2026-07-21,"CJ 02 [LL 2%] [10km] [20+]",not_delivering,2024-07-19,Contínuo,2024-07-19,,,,0,"Usando orçamento da campanha",0,0,0,0,,,,0,,0,0,
2026-07-01,2026-07-21,"CJ 03 [Remarketing 180D] [10km] [20+]",not_delivering,2024-07-19,Contínuo,2024-07-19,,,,0,"Usando orçamento da campanha",0,0,0,0,,,,0,,0,0,
2026-07-01,2026-07-21,"CJ 01 [Interesses] [5km]",not_delivering,2024-08-02,Contínuo,2024-08-02,,,,0,"Usando orçamento da campanha",0,0,0,0,,,,0,,0,0,
2026-07-01,2026-07-21,"CJ 02 [LL 2%] [10km]",not_delivering,2024-08-02,Contínuo,2024-08-02,,,,0,"Usando orçamento da campanha",0,0,0,0,,,,0,,0,0,
2026-07-01,2026-07-21,"CJ 03[LL 5%] [10km]",not_delivering,2024-08-02,Contínuo,2024-08-02,,,,0,"Usando orçamento da campanha",0,0,0,0,,,,0,,0,0,
2026-07-01,2026-07-21,"CJ 04 [Remarketing] [10km]",not_delivering,2024-08-02,Contínuo,2024-08-02,,,,0,"Usando orçamento da campanha",0,0,0,0,,,,0,,0,0,
2026-07-01,2026-07-21,"CJ 01 [Interesses lojas] [Cidades]",inactive,2024-08-02,Contínuo,2025-07-04,,,,0,"Usando orçamento da campanha",0,0,0,0,,,,0,,0,0,
2026-07-01,2026-07-21,"CJ 02 [ LL 5%] [Curitiba 40km]",not_delivering,2024-08-02,Contínuo,2025-02-24,,,,0,"Usando orçamento da campanha",0,0,0,0,,,,0,,0,0,
2026-07-01,2026-07-21,"CJ 03 [LL2% ] [Cidades]",inactive,2024-08-02,Contínuo,2025-07-04,,,,0,"Usando orçamento da campanha",0,0,0,0,,,,0,,0,0,
2026-07-01,2026-07-21,"CJ 02 [Remarketing]",not_delivering,2026-01-08,Contínuo,2026-01-08,,,,0,"Usando orçamento da campanha",0,0,0,0,,,,0,,0,0,
2026-07-01,2026-07-21,"CJ 02.3 [Remarketing 90D] [Geo 40km]",inactive,2026-01-15,Contínuo,2026-01-23,,,,0,"Usando orçamento da campanha",0,0,0,0,,,,0,,0,0,
2026-07-01,2026-07-21,"CJ ll 1%90 D - Geo - 18+ - 40km",inactive,2026-03-27,Contínuo,2026-04-01,,,,0,"Usando orçamento da campanha",0,0,0,0,,,,0,,0,0,
